SAL_CODE_2021,MOL_SAL_Filipin_UOLSE_NWorNAA,MOL_SAL_Filipin_UOLSE_Tot,MOL_SAL_Filipin_NS,MOL_SAL_Filipin_Tot,MOL_SAL_Indon_SEO,MOL_SAL_Indon_UOLSE_VWorW,MOL_SAL_Indon_UOLSE_NWorNAA,MOL_SAL_Indon_UOLSE_Tot,MOL_SAL_Indon_NS,MOL_SAL_Indon_Tot,MOL_SAL_Tagalog_SEO,MOL_SAL_Tagalog_UOLSE_VWorW,MOL_SAL_Tagalog_UOLSE_NWorNAA,MOL_SAL_Tagalog_UOLSE_Tot,MOL_SAL_Tagalog_NS,MOL_SAL_Tagalog_Tot,MOL_SAL_Oth_SEO,MOL_SAL_Oth_UOLSE_VWorW,MOL_SAL_Oth_UOLSE_NWorNAA,MOL_SAL_Oth_UOLSE_Tot,MOL_SAL_Oth_NS,MOL_SAL_Oth_Tot,MOL_SAL_Tot_SEO,MOL_SAL_Tot_UOLSE_VWorW,MOL_SAL_Tot_UOLSE_NWorNAA,MOL_SAL_Tot_UOLSE_Tot,MOL_SAL_Tot_NS,MOL_SAL_Tot_Tot,MOL_Spanish_SEO,MOL_Spanish_UOLSE_VWorW,MOL_Spanish_UOLSE_NWorNAA,MOL_Spanish_UOLSE_Tot,MOL_Spanish_NS,MOL_Spanish_Tot,MOL_Tamil_SEO,MOL_Tamil_UOLSE_VWorW,MOL_Tamil_UOLSE_NWorNAA,MOL_Tamil_UOLSE_Tot,MOL_Tamil_NS,MOL_Tamil_Tot,MOL_Thai_SEO,MOL_Thai_UOLSE_VWorW,MOL_Thai_UOLSE_NWorNAA,MOL_Thai_UOLSE_Tot,MOL_Thai_NS,MOL_Thai_Tot,MOL_Turkish_SEO,MOL_Turkish_UOLSE_VWorW,MOL_Turkish_UOLSE_NWorNAA,MOL_Turkish_UOLSE_Tot,MOL_Turkish_NS,MOL_Turkish_Tot,MOL_Vietnamese_SEO,MOL_Vietnamese_UOLSE_VWorW,MOL_Vietnamese_UOLSE_NWorNAA,MOL_Vietnamese_UOLSE_Tot,MOL_Vietnamese_NS,MOL_Vietnamese_Tot,MOL_Oth_SEO,MOL_Oth_UOLSE_VWorW,MOL_Oth_UOLSE_NWorNAA,MOL_Oth_UOLSE_Tot,MOL_Oth_NS,MOL_Oth_Tot,MOL_Tot_SEO,MOL_Tot_UOLSE_VWorW,MOL_Tot_UOLSE_NWorNAA,MOL_Tot_UOLSE_Tot,MOL_Tot_NS,MOL_Tot_Tot,M_LUatH_NS_SEO,M_LUatH_NS_UOLSE_VWorW,M_LUatH_NS_UOLSE_NWorNAA,M_LUatH_NS_UOLSE_Tot,M_LUatH_NS_NS,M_LUatH_NS_Tot,M_Tot_SEO,M_Tot_UOLSE_VWorW,M_Tot_UOLSE_NWorNAA,M_Tot_UOLSE_Tot,M_Tot_NS,M_Tot_Tot,FSEO_SEO,FSEO_UOLSE_VWorW,FSEO_UOLSE_NWorNAA,FSEO_UOLSE_Tot,FSEO_NS,FSEO_Tot,FOL_Afrikaans_SEO,FOL_Afrikaans_UOLSE_VWorW,FOL_Afrikaans_UOLSE_NWorNAA,FOL_Afrikaans_UOLSE_Tot,FOL_Afrikaans_NS,FOL_Afrikaans_Tot,FOL_Arabic_SEO,FOL_Arabic_UOLSE_VWorW,FOL_Arabic_UOLSE_NWorNAA,FOL_Arabic_UOLSE_Tot,FOL_Arabic_NS,FOL_Arabic_Tot,FOL_AIndLng_SEO,FOL_AIndLng_UOLSE_VWorW,FOL_AIndLng_UOLSE_NWorNAA,FOL_AIndLng_UOLSE_Tot,FOL_AIndLng_NS,FOL_AIndLng_Tot,FOL_CL_Canton_SEO,FOL_CL_Canton_UOLSE_VWorW,FOL_CL_Canton_UOLSE_NWorNAA,FOL_CL_Canton_UOLSE_Tot,FOL_CL_Canton_NS,FOL_CL_Canton_Tot,FOL_CL_Mandarin_SEO,FOL_CL_Mandarin_UOLSE_VWorW,FOL_CL_Mandarin_UOLSE_NWorNAA,FOL_CL_Mandarin_UOLSE_Tot,FOL_CL_Mandarin_NS,FOL_CL_Mandarin_Tot,FOL_CL_Oth_SEO,FOL_CL_Oth_UOLSE_VWorW,FOL_CL_Oth_UOLSE_NWorNAA,FOL_CL_Oth_UOLSE_Tot,FOL_CL_Oth_NS,FOL_CL_Oth_Tot,FOL_CL_Tot_SEO,FOL_CL_Tot_UOLSE_VWorW,FOL_CL_Tot_UOLSE_NWorNAA,FOL_CL_Tot_UOLSE_Tot,FOL_CL_Tot_NS,FOL_CL_Tot_Tot,FOL_Croatian_SEO,FOL_Croatian_UOLSE_VWorW,FOL_Croatian_UOLSE_NWorNAA,FOL_Croatian_UOLSE_Tot,FOL_Croatian_NS,FOL_Croatian_Tot,FOL_French_SEO,FOL_French_UOLSE_VWorW,FOL_French_UOLSE_NWorNAA,FOL_French_UOLSE_Tot,FOL_French_NS,FOL_French_Tot,FOL_German_SEO,FOL_German_UOLSE_VWorW,FOL_German_UOLSE_NWorNAA,FOL_German_UOLSE_Tot,FOL_German_NS,FOL_German_Tot,FOL_Greek_SEO,FOL_Greek_UOLSE_VWorW,FOL_Greek_UOLSE_NWorNAA,FOL_Greek_UOLSE_Tot,FOL_Greek_NS,FOL_Greek_Tot,FOL_IAL_Bengali_SEO,FOL_IAL_Bengali_UOLSE_VWorW,FOL_IAL_Bengali_UOLSE_NWorNAA,FOL_IAL_Bengali_UOLSE_Tot,FOL_IAL_Bengali_NS,FOL_IAL_Bengali_Tot,FOL_IAL_Guj_SEO,FOL_IAL_Guj_UOLSE_VWorW,FOL_IAL_Guj_UOLSE_NWorNAA,FOL_IAL_Guj_UOLSE_Tot,FOL_IAL_Guj_NS,FOL_IAL_Guj_Tot,FOL_IAL_Hindi_SEO,FOL_IAL_Hindi_UOLSE_VWorW,FOL_IAL_Hindi_UOLSE_NWorNAA,FOL_IAL_Hindi_UOLSE_Tot,FOL_IAL_Hindi_NS,FOL_IAL_Hindi_Tot,FOL_IAL_Nepali_SEO,FOL_IAL_Nepali_UOLSE_VWorW,FOL_IAL_Nepali_UOLSE_NWorNAA,FOL_IAL_Nepali_UOLSE_Tot,FOL_IAL_Nepali_NS,FOL_IAL_Nepali_Tot,FOL_IAL_Punjabi_SEO,FOL_IAL_Punjabi_UOLSE_VWorW,FOL_IAL_Punjabi_UOLSE_NWorNAA,FOL_IAL_Punjabi_UOLSE_Tot,FOL_IAL_Punjabi_NS,FOL_IAL_Punjabi_Tot,FOL_IAL_Sinhal_SEO,FOL_IAL_Sinhal_UOLSE_VWorW,FOL_IAL_Sinhal_UOLSE_NWorNAA,FOL_IAL_Sinhal_UOLSE_Tot,FOL_IAL_Sinhal_NS,FOL_IAL_Sinhal_Tot,FOL_IAL_Urdu_SEO,FOL_IAL_Urdu_UOLSE_VWorW,FOL_IAL_Urdu_UOLSE_NWorNAA,FOL_IAL_Urdu_UOLSE_Tot,FOL_IAL_Urdu_NS,FOL_IAL_Urdu_Tot,FOL_IAL_Oth_SEO,FOL_IAL_Oth_UOLSE_VWorW,FOL_IAL_Oth_UOLSE_NWorNAA,FOL_IAL_Oth_UOLSE_Tot
SAL80001,0,0,0,0,..,0,0,0,0,0,..,0,0,0,0,0,..,0,0,0,0,0,..,0,0,0,0,0,..,0,0,0,0,0,..,0,0,0,0,0,..,0,0,0,0,0,..,0,0,0,0,0,..,0,0,0,0,0,..,0,0,0,0,0,..,0,0,0,0,0,..,0,0,0,3,3,12,0,0,0,3,19,18,..,..,..,..,18,..,0,0,0,0,0,..,0,0,0,0,0,..,0,0,0,0,0,..,0,0,0,0,0,..,0,0,0,0,0,..,0,0,0,0,0,..,0,0,0,0,0,..,0,0,0,0,0,..,0,0,0,0,0,..,0,0,0,0,0,..,0,0,0,0,0,..,0,0,0,0,0,..,0,0,0,0,0,..,0,0,0,0,0,..,0,0,0,0,0,..,0,0,0,0,0,..,0,0,0,0,0,..,0,0,0,0,0,..,0,0,0
SAL80002,0,0,0,0,..,0,0,0,0,0,..,0,0,0,0,0,..,0,0,0,0,0,..,0,0,0,0,0,..,0,0,0,0,0,..,0,0,0,0,0,..,0,0,0,0,0,..,0,0,0,0,0,..,0,0,0,0,0,..,0,0,0,0,0,..,0,0,0,0,0,..,0,0,0,10,10,29,0,0,0,10,38,22,..,..,..,..,22,..,0,0,0,0,0,..,0,0,0,0,0,..,0,0,0,0,0,..,0,0,0,0,0,..,0,0,0,0,0,..,0,0,0,0,0,..,0,0,0,0,0,..,0,0,0,0,0,..,0,0,0,0,0,..,0,0,0,0,0,..,0,0,0,0,0,..,0,0,0,0,0,..,0,0,0,0,0,..,0,0,0,0,0,..,0,0,0,0,0,..,0,0,0,0,0,..,0,0,0,0,0,..,0,0,0,0,0,..,0,0,0
SAL80003,0,0,0,0,..,0,0,0,0,0,..,0,0,0,0,0,..,0,0,0,0,0,..,0,0,0,0,0,..,0,0,0,0,0,..,0,0,0,0,0,..,0,0,0,0,0,..,0,0,0,0,0,..,0,0,0,0,0,..,0,0,0,0,0,..,0,0,0,0,0,..,0,0,0,0,0,0,0,0,0,0,0,0,..,..,..,..,0,..,0,0,0,0,0,..,0,0,0,0,0,..,0,0,0,0,0,..,0,0,0,0,0,..,0,0,0,0,0,..,0,0,0,0,0,..,0,0,0,0,0,..,0,0,0,0,0,..,0,0,0,0,0,..,0,0,0,0,0,..,0,0,0,0,0,..,0,0,0,0,0,..,0,0,0,0,0,..,0,0,0,0,0,..,0,0,0,0,0,..,0,0,0,0,0,..,0,0,0,0,0,..,0,0,0,0,0,..,0,0,0
SAL80004,0,0,0,0,..,0,0,0,0,0,..,0,0,0,0,0,..,0,0,0,0,0,..,0,0,0,0,0,..,0,0,0,0,0,..,0,0,0,0,0,..,0,0,0,0,0,..,0,0,0,0,0,..,0,0,0,0,0,..,0,0,0,0,0,..,0,0,0,0,0,..,0,0,0,0,0,10,0,0,0,0,10,8,..,..,..,..,8,..,0,0,0,0,0,..,0,0,0,0,0,..,0,0,0,0,0,..,0,0,0,0,0,..,0,0,0,0,0,..,0,0,0,0,0,..,0,0,0,0,0,..,0,0,0,0,0,..,0,0,0,0,0,..,0,0,0,0,0,..,0,0,0,0,0,..,0,0,0,0,0,..,0,0,0,0,0,..,0,0,0,0,0,..,0,0,0,0,0,..,0,0,0,0,0,..,0,0,0,0,0,..,0,0,0,0,0,..,0,0,0
SAL80005,0,0,0,0,..,0,0,0,0,0,..,0,0,0,0,0,..,0,0,0,0,0,..,0,0,0,0,0,..,0,0,0,0,0,..,0,0,0,0,0,..,0,0,0,0,0,..,0,0,0,0,0,..,0,0,0,0,0,..,0,0,0,0,0,..,0,0,0,0,0,..,0,0,0,0,0,0,0,0,0,0,0,0,..,..,..,..,0,..,0,0,0,0,0,..,0,0,0,0,0,..,0,0,0,0,0,..,0,0,0,0,0,..,0,0,0,0,0,..,0,0,0,0,0,..,0,0,0,0,0,..,0,0,0,0,0,..,0,0,0,0,0,..,0,0,0,0,0,..,0,0,0,0,0,..,0,0,0,0,0,..,0,0,0,0,0,..,0,0,0,0,0,..,0,0,0,0,0,..,0,0,0,0,0,..,0,0,0,0,0,..,0,0,0,0,0,..,0,0,0
SAL80006,0,0,0,0,..,0,0,0,0,0,..,0,0,0,0,0,..,0,0,0,0,0,..,0,0,0,0,0,..,0,0,0,0,0,..,0,0,0,0,0,..,0,0,0,0,0,..,0,0,0,0,0,..,0,0,0,0,0,..,0,0,0,0,0,..,0,0,0,0,0,..,0,0,0,9,9,3,0,0,0,9,10,3,..,..,..,..,3,..,0,0,0,0,0,..,0,0,0,0,0,..,0,0,0,0,0,..,0,0,0,0,0,..,0,0,0,0,0,..,0,0,0,0,0,..,0,0,0,0,0,..,0,0,0,0,0,..,0,0,0,0,0,..,0,0,0,0,0,..,0,0,0,0,0,..,0,0,0,0,0,..,0,0,0,0,0,..,0,0,0,0,0,..,0,0,0,0,0,..,0,0,0,0,0,..,0,0,0,0,0,..,0,0,0,0,0,..,0,0,0
SAL80007,0,0,0,0,..,0,0,0,0,0,..,0,0,0,0,0,..,0,0,0,0,0,..,0,0,0,0,0,..,0,0,0,0,0,..,0,0,0,0,0,..,0,0,0,0,0,..,0,0,0,0,0,..,0,0,0,0,0,..,0,0,0,0,0,..,0,0,0,0,0,..,0,0,0,0,0,0,0,0,0,0,0,0,..,..,..,..,0,..,0,0,0,0,0,..,0,0,0,0,0,..,0,0,0,0,0,..,0,0,0,0,0,..,0,0,0,0,0,..,0,0,0,0,0,..,0,0,0,0,0,..,0,0,0,0,0,..,0,0,0,0,0,..,0,0,0,0,0,..,0,0,0,0,0,..,0,0,0,0,0,..,0,0,0,0,0,..,0,0,0,0,0,..,0,0,0,0,0,..,0,0,0,0,0,..,0,0,0,0,0,..,0,0,0,0,0,..,0,0,0
SAL80008,0,0,0,0,..,0,0,0,0,0,..,0,0,0,0,0,..,0,0,0,0,0,..,0,0,0,0,0,..,0,0,0,0,0,..,0,0,0,0,0,..,0,0,0,0,0,..,0,0,0,0,0,..,0,0,0,0,0,..,0,0,0,0,0,..,7,0,7,0,7,..,0,0,0,13,13,25,7,0,7,13,42,8,..,..,..,..,8,..,0,0,0,0,0,..,0,0,0,0,0,..,0,0,0,0,0,..,0,0,0,0,0,..,0,0,0,0,0,..,0,0,0,0,0,..,0,0,0,0,0,..,0,0,0,0,0,..,6,0,6,0,6,..,0,0,0,0,0,..,0,0,0,0,0,..,0,0,0,0,0,..,0,0,0,0,0,..,0,0,0,0,0,..,0,0,0,0,0,..,0,0,0,0,0,..,0,0,0,0,0,..,0,0,0,0,0,..,0,0,0
SAL80009,0,0,0,0,..,0,0,0,0,0,..,0,0,0,0,0,..,0,0,0,0,0,..,0,0,0,0,0,..,0,0,0,0,0,..,0,0,0,0,0,..,0,0,0,0,0,..,0,0,0,0,0,..,0,0,0,0,0,..,0,0,0,0,0,..,0,0,0,0,0,..,0,0,0,0,0,8,0,0,0,0,12,12,..,..,..,..,12,..,0,0,0,0,0,..,0,0,0,0,0,..,0,0,0,0,0,..,0,0,0,0,0,..,0,0,0,0,0,..,0,0,0,0,0,..,0,0,0,0,0,..,0,0,0,0,0,..,0,0,0,0,0,..,0,0,0,0,0,..,0,0,0,0,0,..,0,0,0,0,0,..,0,0,0,0,0,..,0,0,0,0,0,..,0,0,0,0,0,..,0,0,0,0,0,..,0,0,0,0,0,..,0,0,0,0,0,..,0,0,0
SAL80010,0,0,0,0,..,0,0,0,0,0,..,0,0,0,0,0,..,0,0,0,0,0,..,0,0,0,0,0,..,0,0,0,0,0,..,0,0,0,0,0,..,0,0,0,0,0,..,0,0,0,0,0,..,3,0,3,0,3,..,5,0,5,0,5,..,15,0,16,0,16,..,0,0,0,28,28,75,15,0,16,28,113,26,..,..,..,..,26,..,0,0,0,0,0,..,0,0,0,0,0,..,0,0,0,0,0,..,0,0,0,0,0,..,0,0,0,0,0,..,0,0,0,0,0,..,0,0,0,0,0,..,0,0,0,0,0,..,0,0,0,0,0,..,0,0,0,0,0,..,0,0,0,0,0,..,0,0,0,0,0,..,0,0,0,0,0,..,0,0,0,0,0,..,0,0,0,0,0,..,0,0,0,0,0,..,0,0,0,0,0,..,0,0,0,0,0,..,0,0,0
SAL80011,0,0,0,0,..,0,0,0,0,0,..,0,0,0,0,0,..,0,0,0,0,0,..,0,0,0,0,0,..,0,0,0,0,0,..,0,0,0,0,0,..,0,0,0,0,0,..,0,0,0,0,0,..,0,0,0,0,0,..,0,0,0,0,0,..,0,0,0,0,0,..,0,0,0,0,0,4,0,0,0,0,4,5,..,..,..,..,5,..,0,0,0,0,0,..,0,0,0,0,0,..,0,0,0,0,0,..,0,0,0,0,0,..,0,0,0,0,0,..,0,0,0,0,0,..,0,0,0,0,0,..,0,0,0,0,0,..,0,0,0,0,0,..,0,0,0,0,0,..,0,0,0,0,0,..,0,0,0,0,0,..,0,0,0,0,0,..,0,0,0,0,0,..,0,0,0,0,0,..,0,0,0,0,0,..,0,0,0,0,0,..,0,0,0,0,0,..,0,0,0
SAL80012,0,0,0,0,..,0,0,0,0,0,..,0,0,0,0,0,..,0,0,0,0,0,..,0,0,0,0,0,..,0,0,0,0,0,..,0,0,0,0,0,..,0,0,0,0,0,..,0,0,0,0,0,..,0,0,0,0,0,..,0,0,0,0,0,..,0,0,0,0,0,..,0,0,0,3,3,31,0,0,0,3,41,34,..,..,..,..,34,..,0,0,0,0,0,..,0,0,0,0,0,..,0,0,0,0,0,..,0,0,0,0,0,..,0,0,0,0,0,..,0,0,0,0,0,..,0,0,0,0,0,..,0,0,0,0,0,..,0,0,0,0,0,..,0,0,0,0,0,..,0,0,0,0,0,..,0,0,0,0,0,..,0,0,0,0,0,..,0,0,0,0,0,..,0,0,0,0,0,..,0,0,0,0,0,..,0,0,0,0,0,..,0,0,0,0,0,..,0,0,0
SAL80013,0,0,0,0,..,0,0,0,0,0,..,0,0,0,0,0,..,0,0,0,0,0,..,0,0,0,0,0,..,0,0,0,0,0,..,0,0,0,0,0,..,0,0,0,0,0,..,0,0,0,0,0,..,0,0,0,0,0,..,0,0,0,0,0,..,0,0,0,0,0,..,0,0,0,0,0,0,0,0,0,0,0,0,..,..,..,..,0,..,0,0,0,0,0,..,0,0,0,0,0,..,0,0,0,0,0,..,0,0,0,0,0,..,0,0,0,0,0,..,0,0,0,0,0,..,0,0,0,0,0,..,0,0,0,0,0,..,0,0,0,0,0,..,0,0,0,0,0,..,0,0,0,0,0,..,0,0,0,0,0,..,0,0,0,0,0,..,0,0,0,0,0,..,0,0,0,0,0,..,0,0,0,0,0,..,0,0,0,0,0,..,0,0,0,0,0,..,0,0,0
SAL80014,0,0,0,0,..,0,0,0,0,0,..,0,0,0,0,0,..,0,0,0,0,0,..,0,0,0,0,0,..,0,0,0,0,0,..,0,0,0,0,0,..,0,0,0,0,0,..,0,0,0,0,0,..,0,0,0,0,0,..,0,0,0,0,0,..,4,0,4,0,4,..,0,0,0,0,0,33,4,0,4,0,38,32,..,..,..,..,32,..,0,0,0,0,0,..,0,0,0,0,0,..,0,0,0,0,0,..,0,0,0,0,0,..,4,0,4,0,4,..,0,0,0,0,0,..,4,0,4,0,4,..,0,0,0,0,0,..,0,0,0,0,0,..,0,0,0,0,0,..,0,0,0,0,0,..,0,0,0,0,0,..,0,0,0,0,0,..,0,0,0,0,0,..,0,0,0,0,0,..,0,0,0,0,0,..,0,0,0,0,0,..,0,0,0,0,0,..,0,0,0
SAL80015,0,0,0,0,..,0,0,0,0,0,..,0,0,0,0,0,..,0,0,0,0,0,..,0,0,0,0,0,..,0,0,0,0,0,..,0,0,0,0,0,..,0,0,0,0,0,..,0,0,0,0,0,..,0,0,0,0,0,..,0,0,0,0,0,..,0,0,0,0,0,..,0,0,0,0,5,24,0,0,0,0,26,19,..,..,..,..,19,..,0,0,0,0,0,..,0,0,0,0,0,..,0,0,0,0,0,..,0,0,0,0,0,..,0,0,0,0,0,..,0,0,0,0,0,..,0,0,0,0,0,..,0,0,0,0,0,..,0,0,0,0,0,..,0,0,0,0,0,..,0,0,0,0,0,..,0,0,0,0,0,..,0,0,0,0,0,..,0,0,0,0,0,..,0,0,0,0,0,..,0,0,0,0,0,..,0,0,0,0,0,..,0,0,0,0,0,..,0,0,0
SAL80016,0,0,0,0,..,0,0,0,0,0,..,0,0,0,0,0,..,0,0,0,0,0,..,0,0,0,0,0,..,0,0,0,0,0,..,0,0,0,0,0,..,0,0,0,0,0,..,0,0,0,0,0,..,0,0,0,0,0,..,0,0,0,0,0,..,0,0,0,0,0,..,0,0,0,0,0,0,0,0,0,0,0,0,..,..,..,..,0,..,0,0,0,0,0,..,0,0,0,0,0,..,0,0,0,0,0,..,0,0,0,0,0,..,0,0,0,0,0,..,0,0,0,0,0,..,0,0,0,0,0,..,0,0,0,0,0,..,0,0,0,0,0,..,0,0,0,0,0,..,0,0,0,0,0,..,0,0,0,0,0,..,0,0,0,0,0,..,0,0,0,0,0,..,0,0,0,0,0,..,0,0,0,0,0,..,0,0,0,0,0,..,0,0,0,0,0,..,0,0,0
SAL80017,0,0,0,0,..,14,0,14,0,14,..,0,0,0,0,0,..,4,0,4,0,4,..,19,0,19,0,19,..,3,0,3,0,3,..,11,0,11,0,11,..,0,0,5,0,5,..,0,0,0,0,0,..,5,0,5,0,5,..,23,0,23,0,23,..,283,9,294,0,292,..,0,0,0,214,215,771,288,9,291,213,1277,1009,..,..,..,..,1009,..,0,0,0,0,0,..,0,0,0,0,0,..,0,0,0,0,0,..,15,0,15,0,15,..,103,3,106,0,106,..,0,0,0,0,0,..,127,3,126,0,126,..,0,0,0,0,0,..,8,0,8,0,8,..,9,0,9,0,9,..,3,0,3,0,3,..,9,0,9,0,9,..,0,0,0,0,0,..,17,0,17,0,17,..,0,0,0,0,0,..,3,0,3,0,3,..,6,0,6,0,6,..,9,0,9,0,9,..,3,0,3
SAL80018,0,0,0,0,..,4,0,5,0,5,..,0,0,0,0,0,..,0,0,0,0,0,..,10,0,11,0,11,..,11,0,11,0,11,..,0,0,0,0,0,..,0,0,0,0,0,..,4,0,4,0,4,..,16,9,28,0,28,..,59,9,72,0,73,..,257,44,300,3,299,..,11,0,11,82,85,2148,268,44,306,84,2536,2362,..,..,..,..,2362,..,5,0,5,0,5,..,7,0,7,0,7,..,4,0,4,0,4,..,11,3,15,0,15,..,32,11,41,0,41,..,0,0,0,0,0,..,39,15,51,0,51,..,10,0,10,0,10,..,17,0,17,0,17,..,12,0,16,0,16,..,22,3,24,0,25,..,3,0,3,0,3,..,0,0,0,0,0,..,3,0,3,0,3,..,0,0,0,0,0,..,7,0,7,0,7,..,5,0,5,0,5,..,0,0,0,0,0,..,3,0,3
SAL80019,0,3,0,3,..,0,0,0,0,0,..,12,0,12,0,12,..,0,0,0,0,0,..,23,0,23,0,23,..,31,3,36,0,36,..,19,0,23,0,23,..,5,0,8,0,8,..,4,0,4,0,4,..,23,5,29,0,29,..,97,4,95,0,95,..,647,59,710,3,706,..,12,0,12,82,102,2228,663,61,718,91,3038,2247,..,..,..,..,2247,..,16,0,16,0,16,..,19,3,20,0,20,..,0,0,0,0,0,..,19,6,21,0,21,..,58,11,77,0,77,..,3,0,3,0,3,..,80,19,100,0,100,..,42,3,42,0,42,..,11,0,11,0,11,..,4,0,10,0,10,..,8,0,12,0,12,..,16,4,19,0,12,..,24,0,26,0,26,..,32,0,32,0,35,..,13,0,13,0,13,..,23,6,29,0,26,..,22,0,22,0,22,..,29,5,29,0,28,..,15,0,11
SAL80020,0,0,0,0,..,0,0,0,0,0,..,5,0,5,0,5,..,0,0,0,0,0,..,4,0,4,0,4,..,6,0,3,0,3,..,0,0,0,0,0,..,0,0,0,0,0,..,0,0,0,0,0,..,6,0,6,0,6,..,37,5,38,0,46,..,174,14,189,3,192,..,4,0,4,35,42,1034,184,14,195,39,1270,1087,..,..,..,..,1087,..,0,0,0,0,0,..,0,0,0,0,0,..,0,0,0,0,0,..,8,0,11,0,11,..,52,9,57,0,57,..,0,0,0,0,0,..,58,12,70,0,70,..,6,0,4,0,4,..,4,0,4,0,4,..,11,0,11,0,11,..,3,0,3,0,3,..,0,0,0,0,0,..,5,0,5,0,5,..,6,0,6,0,6,..,11,0,11,0,11,..,0,0,0,0,0,..,5,0,5,0,5,..,0,0,0,0,0,..,0,0,0
SAL80021,0,10,0,10,..,0,0,0,0,0,..,12,0,12,0,12,..,3,0,3,0,3,..,23,0,23,0,23,..,29,0,26,0,29,..,6,0,3,0,3,..,8,0,10,0,10,..,0,0,0,0,0,..,9,3,10,0,10,..,61,14,72,0,73,..,322,32,355,5,365,..,5,0,9,64,72,2109,332,35,370,64,2545,2088,..,..,..,..,2088,..,0,0,0,0,0,..,26,0,26,0,26,..,5,0,5,0,5,..,14,5,15,0,15,..,12,4,14,0,14,..,0,0,0,0,0,..,28,0,32,0,32,..,10,0,10,0,10,..,0,0,0,0,0,..,6,0,6,0,6,..,6,0,6,0,6,..,6,4,10,0,10,..,5,0,4,0,4,..,11,0,11,0,11,..,5,0,5,0,3,..,22,0,24,0,29,..,12,0,9,0,9,..,8,0,11,0,11,..,0,0,0
SAL80022,0,0,0,0,..,6,0,6,0,6,..,3,0,3,0,3,..,0,0,0,0,0,..,9,0,9,0,9,..,12,0,12,0,12,..,4,0,4,0,4,..,0,0,0,0,0,..,3,0,3,0,3,..,3,0,3,0,3,..,13,0,13,0,13,..,130,4,132,0,134,..,0,0,4,112,117,697,131,7,133,117,953,683,..,..,..,..,683,..,0,0,0,0,0,..,3,0,3,0,3,..,0,0,0,0,0,..,5,0,5,0,5,..,22,4,29,0,29,..,3,0,3,0,3,..,35,4,35,0,35,..,4,0,4,0,4,..,16,0,18,0,18,..,7,0,7,0,7,..,13,0,12,0,12,..,4,0,4,0,4,..,0,0,0,0,0,..,12,0,12,0,12,..,0,0,0,0,0,..,0,4,5,0,5,..,5,0,5,0,5,..,0,0,0,0,0,..,0,0,0
SAL80023,0,0,0,0,..,0,0,0,0,0,..,0,0,0,0,0,..,0,0,0,0,0,..,0,0,0,0,0,..,0,0,0,0,0,..,0,0,0,0,0,..,0,0,0,0,0,..,0,0,0,0,0,..,0,0,0,0,0,..,0,0,0,0,0,..,0,0,0,0,0,..,0,0,0,0,0,4,0,0,0,0,4,0,..,..,..,..,0,..,0,0,0,0,0,..,0,0,0,0,0,..,0,0,0,0,0,..,0,0,0,0,0,..,0,0,0,0,0,..,0,0,0,0,0,..,0,0,0,0,0,..,0,0,0,0,0,..,0,0,0,0,0,..,0,0,0,0,0,..,0,0,0,0,0,..,0,0,0,0,0,..,0,0,0,0,0,..,0,0,0,0,0,..,0,0,0,0,0,..,0,0,0,0,0,..,0,0,0,0,0,..,0,0,0,0,0,..,0,0,0
SAL80024,3,32,0,32,..,18,4,16,4,24,..,38,0,40,0,40,..,13,0,13,0,13,..,100,4,105,4,107,..,53,10,63,0,61,..,21,0,24,0,23,..,4,3,5,0,5,..,11,0,16,0,16,..,47,10,57,0,57,..,201,19,216,3,218,..,1709,168,1872,16,1887,..,24,0,24,195,223,2096,1730,170,1897,208,4202,2032,..,..,..,..,2032,..,4,0,4,0,4,..,52,3,54,0,54,..,0,0,0,0,0,..,77,16,92,0,92,..,478,62,538,3,540,..,8,0,8,0,8,..,559,78,643,3,643,..,3,3,9,0,9,..,10,0,10,0,10,..,15,0,15,0,15,..,9,0,9,0,9,..,33,0,33,0,33,..,18,0,22,0,22,..,61,0,65,0,63,..,213,6,215,0,214,..,54,4,64,0,59,..,16,0,16,0,16,..,41,0,38,0,38,..,18,0,18
SAL80025,0,24,0,24,..,18,0,18,0,19,..,22,0,22,0,22,..,5,0,5,0,5,..,62,0,62,0,64,..,41,5,51,0,51,..,57,3,64,0,64,..,9,0,5,0,5,..,6,0,8,0,8,..,32,9,40,0,40,..,224,17,240,6,253,..,1467,134,1598,10,1611,..,19,0,22,136,156,1875,1489,137,1619,148,3646,1899,..,..,..,..,1899,..,19,0,19,0,19,..,66,14,79,0,75,..,3,0,3,0,3,..,27,5,30,0,30,..,81,10,93,0,98,..,0,0,3,0,3,..,113,19,132,0,134,..,21,6,26,0,26,..,7,0,7,0,7,..,0,0,0,0,0,..,11,0,11,0,11,..,47,3,52,0,50,..,77,3,85,0,85,..,110,5,115,0,115,..,50,0,52,0,52,..,129,20,149,0,154,..,56,5,61,0,61,..,115,5,119,0,126,..,17,0,17
SAL80026,0,10,0,10,..,0,0,0,0,0,..,12,0,12,0,12,..,0,0,0,0,0,..,21,0,21,0,21,..,10,0,10,0,10,..,18,0,14,0,14,..,0,0,0,0,0,..,0,0,0,0,0,..,25,5,27,0,27,..,56,10,65,0,65,..,343,37,380,10,387,..,6,0,6,66,72,1354,351,37,387,75,1818,1528,..,..,..,..,1528,..,4,0,4,0,4,..,27,7,32,0,32,..,0,0,0,0,0,..,12,7,17,0,17,..,29,5,26,0,26,..,0,0,0,0,0,..,38,9,51,0,51,..,9,0,14,0,14,..,9,0,9,0,9,..,5,0,5,0,5,..,5,0,6,0,6,..,14,0,14,0,14,..,0,0,0,0,0,..,7,0,6,0,6,..,13,0,13,0,13,..,19,0,18,0,18,..,0,0,0,0,0,..,7,0,12,0,17,..,4,0,4
SAL80027,0,13,0,13,..,3,0,3,0,3,..,12,0,12,0,12,..,5,0,5,0,5,..,33,0,33,0,33,..,48,3,53,0,53,..,13,0,13,0,13,..,5,5,9,0,9,..,0,0,0,0,0,..,18,0,20,0,20,..,65,6,76,0,76,..,724,66,784,0,790,..,8,9,13,163,178,2237,736,66,803,162,3204,2141,..,..,..,..,2141,..,0,0,0,0,0,..,15,6,14,0,14,..,3,0,3,0,3,..,62,0,60,0,64,..,264,21,289,0,289,..,6,0,6,0,9,..,330,23,361,4,362,..,6,0,7,0,7,..,31,0,31,0,31,..,17,0,19,0,19,..,7,0,5,0,5,..,7,0,7,0,7,..,6,0,6,0,6,..,33,0,39,0,39,..,10,0,10,0,10,..,4,0,4,0,4,..,6,0,6,0,6,..,7,0,7,0,7,..,10,0,13
SAL80028,0,14,0,14,..,17,0,17,0,17,..,15,0,15,0,15,..,3,0,3,0,3,..,45,0,45,0,45,..,31,4,34,0,34,..,35,0,35,0,35,..,4,3,5,0,5,..,3,0,3,0,3,..,40,10,46,0,46,..,133,11,146,3,146,..,1125,99,1226,10,1238,..,12,3,14,114,126,2243,1136,106,1240,125,3600,2475,..,..,..,..,2475,..,0,0,0,0,0,..,25,3,28,0,28,..,0,0,0,0,0,..,69,10,82,0,80,..,231,28,259,0,259,..,6,3,10,0,10,..,316,40,352,0,355,..,9,5,9,0,9,..,20,0,22,0,20,..,10,0,10,0,10,..,5,0,7,0,7,..,17,0,17,0,17,..,14,0,14,0,14,..,45,0,47,0,47,..,108,3,115,5,115,..,35,0,37,0,37,..,32,4,39,0,39,..,32,0,36,0,36,..,15,0,15
SAL80029,0,11,0,11,..,0,0,0,0,0,..,3,0,3,0,3,..,0,0,0,0,0,..,16,0,16,0,16,..,13,5,15,0,15,..,9,0,5,0,5,..,8,0,7,0,7,..,5,0,5,0,5,..,14,0,14,0,14,..,52,14,62,3,62,..,318,35,352,3,353,..,0,0,3,84,92,2342,322,38,357,87,2788,2423,..,..,..,..,2423,..,4,0,4,0,4,..,29,5,37,0,37,..,0,0,0,0,0,..,14,0,14,0,14,..,10,4,17,0,17,..,0,0,0,0,0,..,24,4,26,0,33,..,7,0,8,0,8,..,3,0,3,0,3,..,9,0,9,0,6,..,8,5,9,0,9,..,7,0,7,0,10,..,4,0,3,0,3,..,21,0,22,0,22,..,12,0,12,0,12,..,14,0,14,0,14,..,8,0,7,0,7,..,13,0,10,0,10,..,0,0,0
SAL80030,0,8,0,8,..,5,0,6,0,6,..,6,0,6,0,6,..,4,0,4,0,4,..,24,0,24,0,24,..,19,0,17,0,17,..,10,0,10,0,10,..,6,3,15,0,15,..,0,0,0,0,0,..,18,0,18,0,18,..,54,8,61,0,61,..,419,26,440,3,445,..,8,0,8,434,443,2783,428,26,456,441,3671,2317,..,..,..,..,2317,..,4,0,4,0,4,..,0,0,0,0,0,..,0,0,0,0,0,..,17,0,15,0,15,..,51,9,56,0,56,..,0,0,0,0,0,..,67,7,71,0,71,..,0,0,0,0,0,..,38,0,38,0,38,..,15,0,15,3,16,..,19,3,19,0,19,..,6,0,8,0,8,..,0,0,0,0,0,..,8,0,7,0,7,..,11,0,11,0,11,..,3,0,3,0,3,..,6,0,6,0,6,..,4,0,4,0,4,..,6,0,6
SAL80031,0,0,0,0,..,0,0,0,0,0,..,0,0,0,0,0,..,0,0,0,0,0,..,0,0,0,0,0,..,0,0,0,0,0,..,0,0,0,0,0,..,0,0,0,0,0,..,0,0,0,0,0,..,0,0,0,0,0,..,6,0,6,0,6,..,12,0,12,0,12,..,0,0,0,16,16,36,12,0,12,16,64,37,..,..,..,..,37,..,0,0,0,0,0,..,0,0,0,0,0,..,0,0,0,0,0,..,0,0,0,0,0,..,0,0,0,0,0,..,0,0,0,0,0,..,0,0,0,0,0,..,0,0,0,0,0,..,0,0,0,0,0,..,0,0,0,0,0,..,0,0,0,0,0,..,0,0,0,0,0,..,0,0,0,0,0,..,0,0,0,0,0,..,0,0,0,0,0,..,6,0,6,0,6,..,0,0,0,0,0,..,0,0,0,0,0,..,0,0,0
SAL80032,0,0,0,0,..,0,0,0,0,0,..,0,0,0,0,0,..,0,0,0,0,0,..,0,0,0,0,0,..,0,0,0,0,0,..,0,0,0,0,0,..,0,0,0,0,0,..,0,0,0,0,0,..,0,0,0,0,0,..,0,0,0,0,0,..,0,0,0,0,0,..,0,0,0,0,0,0,0,0,0,0,0,4,..,..,..,..,4,..,0,0,0,0,0,..,0,0,0,0,0,..,0,0,0,0,0,..,0,0,0,0,0,..,0,0,0,0,0,..,0,0,0,0,0,..,0,0,0,0,0,..,0,0,0,0,0,..,0,0,0,0,0,..,0,0,0,0,0,..,0,0,0,0,0,..,0,0,0,0,0,..,0,0,0,0,0,..,0,0,0,0,0,..,0,0,0,0,0,..,0,0,0,0,0,..,0,0,0,0,0,..,0,0,0,0,0,..,0,0,0
SAL80033,0,14,0,14,..,7,0,7,0,7,..,22,0,24,0,24,..,4,0,4,0,4,..,44,0,46,0,46,..,25,0,25,0,25,..,30,0,30,0,30,..,8,0,8,0,8,..,3,0,3,0,3,..,14,0,16,0,16,..,139,19,154,3,157,..,924,84,1011,11,1023,..,14,0,18,102,114,2053,935,87,1025,112,3195,2097,..,..,..,..,2097,..,15,0,15,0,15,..,27,0,26,0,26,..,3,0,3,0,3,..,37,6,44,0,44,..,87,22,106,0,106,..,0,0,0,0,0,..,124,30,150,0,150,..,25,0,28,0,28,..,13,0,13,0,10,..,3,0,3,0,3,..,21,0,20,0,20,..,40,3,50,0,50,..,11,4,18,0,18,..,50,4,59,4,59,..,26,3,27,0,27,..,93,8,106,0,106,..,36,0,36,0,36,..,68,6,72,0,72,..,14,0,14
SAL80034,0,0,0,0,..,4,0,4,0,4,..,0,0,0,0,0,..,3,0,6,0,4,..,3,0,9,0,9,..,7,0,7,0,7,..,5,0,5,0,5,..,0,0,0,0,0,..,0,0,0,0,0,..,0,0,0,0,0,..,18,0,20,0,20,..,146,9,160,0,162,..,0,0,0,32,34,1189,146,14,163,36,1385,1260,..,..,..,..,1260,..,7,0,7,0,7,..,4,5,11,0,11,..,0,0,0,0,0,..,5,0,8,0,8,..,17,0,17,0,17,..,0,0,0,0,0,..,25,3,29,0,29,..,5,3,8,0,8,..,4,0,4,0,4,..,18,0,16,0,16,..,11,0,17,0,17,..,0,0,0,0,0,..,0,0,0,0,0,..,0,0,0,0,0,..,4,0,4,0,4,..,3,0,3,0,3,..,4,0,4,0,4,..,4,0,4,0,4,..,0,0,0
SAL80035,0,11,0,11,..,3,0,3,0,3,..,12,0,12,0,12,..,0,0,0,0,0,..,19,0,19,0,19,..,12,0,13,0,13,..,0,0,0,0,0,..,3,0,8,0,8,..,0,0,0,0,0,..,13,5,18,0,18,..,52,20,71,0,71,..,218,45,258,3,262,..,6,0,4,60,65,1173,219,43,264,65,1499,1204,..,..,..,..,1204,..,5,0,5,0,5,..,11,6,20,0,20,..,0,0,0,0,0,..,7,0,7,0,7,..,11,3,11,0,11,..,0,0,0,0,0,..,19,3,22,0,22,..,4,0,4,0,4,..,6,0,6,0,6,..,4,0,4,0,4,..,5,0,5,0,5,..,5,0,5,0,5,..,5,0,5,0,5,..,0,0,3,0,3,..,5,0,5,0,5,..,8,3,16,0,16,..,0,0,0,0,0,..,9,0,9,0,5,..,0,0,0
SAL80036,0,9,0,9,..,0,0,0,0,0,..,11,0,11,0,13,..,0,0,0,0,3,..,19,0,19,4,21,..,4,0,9,0,9,..,20,0,20,0,20,..,0,0,0,0,0,..,0,0,0,0,0,..,4,0,13,0,13,..,58,4,64,0,68,..,306,17,326,8,330,..,0,0,0,30,40,927,308,17,325,42,1291,982,..,..,..,..,982,..,0,0,0,0,0,..,4,0,8,0,9,..,0,0,0,0,0,..,9,0,6,0,6,..,35,4,39,0,41,..,0,0,0,0,0,..,42,3,50,0,54,..,5,0,5,0,5,..,7,0,7,0,7,..,8,0,8,0,8,..,13,0,13,0,13,..,6,0,9,0,9,..,5,0,5,0,5,..,12,0,12,0,12,..,47,4,54,0,54,..,11,0,11,0,11,..,0,0,0,0,0,..,9,0,9,0,9,..,0,0,0
SAL80037,0,7,0,7,..,0,0,0,0,6,..,13,0,13,0,13,..,0,0,0,0,0,..,21,0,21,0,24,..,19,0,16,0,16,..,0,0,0,0,0,..,3,3,7,0,7,..,0,0,0,0,0,..,8,6,11,0,11,..,44,3,51,4,55,..,322,30,349,5,354,..,10,0,10,84,95,2186,331,30,363,88,2643,2175,..,..,..,..,2175,..,0,0,0,0,0,..,45,0,52,0,52,..,0,0,0,0,0,..,7,5,14,0,14,..,10,0,10,0,10,..,0,0,0,0,0,..,18,6,22,0,22,..,9,0,10,0,10,..,3,0,3,0,3,..,11,0,11,0,14,..,9,0,9,0,9,..,3,0,3,0,3,..,0,0,0,0,0,..,11,0,11,0,11,..,6,0,10,0,10,..,8,0,8,0,8,..,4,0,4,0,4,..,6,0,6,0,6,..,5,0,5
SAL80038,0,3,0,3,..,13,0,13,0,13,..,6,0,6,0,6,..,10,5,10,0,10,..,30,5,34,0,34,..,24,0,24,0,24,..,12,0,12,0,12,..,9,3,11,0,11,..,0,0,0,0,0,..,18,0,15,0,15,..,42,0,44,0,44,..,783,56,839,0,837,..,6,0,5,257,262,1310,790,58,843,259,2415,1147,..,..,..,..,1147,..,0,0,0,0,0,..,16,0,17,0,17,..,0,0,0,0,0,..,58,5,66,0,66,..,447,24,465,0,465,..,17,6,22,0,22,..,528,24,549,0,549,..,0,0,0,0,0,..,13,0,15,0,15,..,13,0,13,0,13,..,10,0,8,0,8,..,22,0,22,0,22,..,7,0,7,0,7,..,33,0,33,0,33,..,12,0,12,0,12,..,8,0,9,0,9,..,13,0,13,0,13,..,3,0,3,0,3,..,9,0,9
SAL80039,0,8,0,8,..,0,0,0,0,0,..,11,0,11,0,11,..,3,0,3,0,3,..,20,0,20,0,20,..,19,0,19,0,19,..,4,0,4,0,4,..,0,0,0,0,0,..,0,0,0,0,0,..,18,4,25,0,25,..,40,8,49,0,46,..,324,26,350,0,353,..,8,0,4,60,65,2100,330,28,357,65,2518,2121,..,..,..,..,2121,..,3,0,3,0,3,..,25,6,28,0,28,..,0,0,0,0,0,..,10,5,13,0,13,..,25,0,25,0,25,..,0,0,0,0,0,..,31,0,34,0,34,..,7,0,5,0,5,..,7,0,7,0,7,..,4,0,4,0,4,..,15,0,14,0,14,..,9,0,9,0,9,..,0,0,0,0,0,..,11,0,11,0,11,..,10,0,10,0,10,..,12,0,12,0,12,..,8,0,8,0,8,..,18,0,21,0,18,..,0,0,0
SAL80040,0,0,0,0,..,11,0,5,0,5,..,8,0,8,0,8,..,0,0,0,0,0,..,19,0,18,0,18,..,19,3,22,0,22,..,3,0,3,0,3,..,0,0,3,0,3,..,8,0,8,0,8,..,4,0,0,0,0,..,29,0,31,0,29,..,197,16,209,3,213,..,3,0,3,44,50,1126,194,16,213,51,1391,1277,..,..,..,..,1277,..,3,0,3,0,3,..,7,3,6,0,6,..,0,0,0,0,0,..,0,0,4,0,4,..,13,3,21,0,21,..,0,0,0,0,0,..,14,4,20,0,20,..,7,0,7,0,7,..,16,0,16,0,16,..,9,0,9,0,9,..,11,0,6,0,6,..,4,0,4,0,4,..,0,0,0,0,0,..,4,0,4,0,4,..,3,0,3,0,3,..,0,0,4,0,4,..,0,0,0,0,0,..,3,0,3,0,3,..,0,0,0
SAL80041,0,26,0,26,..,9,0,9,0,9,..,35,0,35,4,38,..,0,0,0,0,0,..,71,0,71,4,72,..,20,6,25,0,25,..,22,0,24,0,24,..,8,0,8,0,8,..,0,0,5,0,5,..,15,0,15,0,15,..,131,19,146,0,146,..,1014,81,1098,11,1108,..,10,0,10,72,84,1199,1026,83,1106,89,2399,1227,..,..,..,..,1227,..,0,0,0,0,0,..,44,8,53,0,53,..,0,0,0,0,0,..,42,5,43,0,48,..,81,17,98,0,98,..,13,0,16,0,16,..,135,21,154,0,157,..,4,0,4,0,4,..,8,0,8,0,8,..,3,0,3,0,3,..,6,0,6,0,6,..,42,0,42,0,42,..,12,0,18,0,18,..,34,0,37,0,37,..,94,13,107,3,110,..,62,10,71,0,71,..,27,0,24,0,24,..,59,8,67,0,66,..,13,0,13
SAL80042,0,11,0,11,..,3,0,3,0,3,..,7,0,7,0,7,..,0,0,0,0,0,..,25,0,25,0,25,..,24,0,21,0,21,..,23,0,23,0,27,..,3,0,4,0,4,..,6,0,8,0,8,..,21,4,21,0,21,..,123,9,138,0,138,..,837,78,920,8,924,..,13,6,10,49,68,1351,850,83,933,62,2344,1454,..,..,..,..,1454,..,0,0,0,0,0,..,20,0,24,0,24,..,0,0,0,0,0,..,42,9,55,0,55,..,162,28,193,0,193,..,6,4,6,0,6,..,215,45,252,0,252,..,20,0,20,0,23,..,8,0,8,0,8,..,10,0,10,0,10,..,4,0,4,0,4,..,45,0,45,0,45,..,15,0,15,0,15,..,48,0,48,4,56,..,13,8,25,0,25,..,32,0,32,0,32,..,14,0,17,0,17,..,53,4,59,0,59,..,4,0,4
SAL80043,0,5,0,5,..,8,0,8,0,8,..,4,0,5,0,5,..,4,0,4,0,4,..,14,0,18,0,18,..,13,0,15,0,19,..,9,0,9,0,9,..,0,0,0,0,0,..,0,0,0,0,0,..,3,0,3,0,3,..,73,6,77,0,77,..,386,32,416,5,421,..,8,0,8,55,66,2215,389,32,424,60,2701,2329,..,..,..,..,2329,..,0,0,0,0,0,..,6,0,5,0,5,..,0,0,0,0,0,..,13,0,16,0,22,..,40,5,42,0,42,..,0,0,0,0,0,..,54,5,64,0,65,..,9,0,3,0,3,..,24,0,24,0,24,..,9,0,6,0,6,..,22,3,25,0,25,..,3,0,3,0,3,..,4,0,4,0,4,..,12,4,14,0,14,..,34,0,40,0,38,..,11,0,12,0,12,..,5,0,5,0,3,..,6,0,9,0,3,..,4,0,9
SAL80044,0,4,0,4,..,7,0,6,0,6,..,0,0,0,0,0,..,0,0,0,0,0,..,11,0,12,0,12,..,4,0,12,0,12,..,6,0,3,0,3,..,0,0,0,0,0,..,0,0,0,0,0,..,5,0,6,0,6,..,27,3,27,0,27,..,225,18,240,0,246,..,0,0,3,55,55,1123,229,19,248,56,1423,1322,..,..,..,..,1322,..,0,0,0,0,0,..,7,4,10,0,10,..,0,0,0,0,0,..,9,0,12,0,15,..,29,9,30,0,31,..,3,0,3,0,3,..,41,7,47,0,45,..,7,0,7,0,7,..,9,0,9,0,9,..,8,0,8,0,8,..,21,3,24,0,24,..,0,0,0,0,0,..,0,0,0,0,0,..,19,0,17,0,17,..,7,0,7,0,7,..,3,0,3,0,3,..,12,0,12,0,7,..,7,0,7,0,7,..,0,0,0
SAL80045,0,8,0,11,..,0,0,0,0,0,..,15,0,17,0,13,..,0,0,0,0,0,..,25,0,31,4,32,..,9,0,9,0,11,..,8,0,8,0,8,..,0,0,4,0,4,..,0,0,0,0,0,..,6,0,6,0,6,..,97,3,102,0,105,..,561,50,608,8,616,..,12,0,12,26,37,727,569,47,616,33,1382,708,..,..,..,..,708,..,0,0,0,0,0,..,11,3,12,0,12,..,0,0,0,0,0,..,9,5,13,0,14,..,89,12,102,0,104,..,0,0,0,0,0,..,102,20,122,3,125,..,11,0,11,0,11,..,14,0,9,0,9,..,0,0,0,0,0,..,0,0,0,0,0,..,28,4,30,0,30,..,9,0,10,0,10,..,45,3,48,0,48,..,7,0,7,0,7,..,25,0,25,0,25,..,40,4,38,0,38,..,17,0,17,0,17,..,4,0,4
SAL80046,0,0,0,0,..,13,0,13,0,13,..,0,0,0,0,0,..,0,0,0,0,0,..,19,0,17,0,17,..,12,0,12,0,12,..,3,0,3,0,3,..,6,0,6,0,6,..,0,0,0,0,0,..,20,4,30,0,25,..,44,6,57,0,54,..,349,58,409,3,406,..,3,0,3,51,55,1137,352,58,411,54,1602,1195,..,..,..,..,1195,..,0,0,0,0,0,..,0,0,3,0,3,..,0,0,0,0,0,..,14,6,23,0,19,..,85,20,104,4,107,..,6,4,11,0,11,..,100,29,132,3,138,..,5,0,3,0,3,..,13,0,12,0,12,..,12,0,12,0,12,..,4,4,6,0,6,..,3,0,3,0,3,..,3,0,3,0,3,..,9,0,9,0,9,..,12,0,14,0,14,..,0,0,0,0,0,..,0,0,0,0,0,..,3,0,3,0,3,..,0,0,0
SAL80047,0,8,0,8,..,12,0,12,0,12,..,0,0,3,0,3,..,5,0,5,0,5,..,22,0,17,0,17,..,18,0,16,0,16,..,7,0,11,0,11,..,4,0,6,0,6,..,0,0,0,0,0,..,28,5,36,0,36,..,98,16,112,6,116,..,425,59,479,4,487,..,15,0,17,69,92,1496,442,60,499,82,2079,1618,..,..,..,..,1618,..,0,0,0,0,0,..,9,0,9,0,11,..,0,0,0,0,0,..,16,0,19,0,19,..,49,10,64,0,63,..,0,0,0,0,0,..,69,18,86,0,86,..,3,0,5,0,8,..,14,0,14,0,14,..,11,0,11,0,11,..,16,3,24,0,24,..,6,0,6,0,6,..,0,0,0,0,0,..,10,0,10,0,10,..,17,0,13,0,13,..,8,0,8,0,8,..,9,0,9,0,9,..,4,0,0,0,0,..,5,0,5
SAL80048,0,3,0,3,..,3,0,3,0,4,..,0,0,0,0,0,..,0,0,0,0,0,..,7,0,7,0,9,..,11,0,11,0,11,..,0,0,0,0,0,..,0,0,0,0,0,..,6,0,6,0,6,..,6,0,6,0,6,..,36,4,37,6,41,..,217,10,232,5,238,..,9,0,9,40,47,1394,220,10,235,49,1676,1402,..,..,..,..,1402,..,0,0,0,0,0,..,4,0,4,0,4,..,7,0,7,0,7,..,0,0,0,0,0,..,17,0,17,0,18,..,0,0,0,0,0,..,24,0,24,0,24,..,23,3,24,0,24,..,9,0,9,0,9,..,14,0,14,0,14,..,3,0,4,0,4,..,4,0,4,0,4,..,0,0,0,0,0,..,0,0,0,0,0,..,0,0,0,0,0,..,6,0,6,0,6,..,0,0,0,0,0,..,5,0,6,0,6,..,0,0,0
SAL80049,0,12,0,9,..,6,0,7,0,7,..,24,3,25,0,25,..,0,0,0,0,0,..,31,0,37,0,40,..,35,6,41,0,42,..,4,0,4,0,4,..,3,5,9,0,9,..,0,0,0,0,0,..,22,10,33,0,33,..,130,19,150,0,152,..,564,79,646,9,651,..,15,9,23,98,118,2859,580,84,667,107,3633,2754,..,..,..,..,2754,..,3,0,3,0,3,..,36,13,47,3,52,..,0,0,0,0,0,..,16,0,17,0,17,..,43,8,54,0,54,..,3,0,3,0,3,..,65,11,74,0,74,..,5,3,12,0,12,..,0,0,0,0,0,..,15,0,15,0,15,..,17,0,21,0,21,..,0,0,0,0,0,..,28,3,36,0,36,..,29,6,25,0,25,..,4,0,7,0,7,..,22,4,25,0,25,..,11,0,11,0,19,..,18,0,18,0,18,..,0,0,0
SAL80050,0,3,0,3,..,3,0,9,0,9,..,6,0,6,0,6,..,0,0,0,0,0,..,16,0,19,0,19,..,27,6,25,0,25,..,9,0,7,0,7,..,7,0,7,0,7,..,0,0,0,0,0,..,18,8,29,0,29,..,61,5,65,0,70,..,405,43,445,9,453,..,9,0,7,58,68,2343,414,45,456,62,2863,2155,..,..,..,..,2155,..,0,0,0,0,0,..,14,3,17,0,17,..,7,0,7,0,7,..,11,3,13,0,13,..,46,5,52,0,52,..,0,0,0,0,0,..,61,10,74,0,75,..,20,4,19,0,19,..,13,0,13,0,13,..,15,0,15,0,16,..,13,6,15,0,15,..,10,0,10,0,10,..,3,0,3,0,3,..,8,0,8,0,11,..,8,0,8,0,8,..,12,0,12,0,12,..,3,0,3,0,3,..,0,0,0,0,0,..,5,0,5
SAL80051,0,0,0,0,..,0,0,0,0,0,..,0,0,0,0,0,..,0,0,0,0,0,..,0,0,0,0,0,..,6,0,6,0,6,..,6,0,6,0,6,..,0,0,0,0,0,..,0,0,0,0,0,..,11,0,5,0,5,..,17,4,19,0,17,..,201,15,219,0,224,..,6,0,6,23,22,1260,207,15,223,24,1503,1245,..,..,..,..,1245,..,3,0,3,0,3,..,28,0,28,0,28,..,0,0,0,0,0,..,3,3,10,0,10,..,16,5,21,0,21,..,0,0,0,0,0,..,24,8,36,0,36,..,13,0,11,0,15,..,12,0,12,0,12,..,0,0,0,0,0,..,9,0,12,0,12,..,4,0,4,0,4,..,0,0,0,0,0,..,7,0,7,0,7,..,0,0,0,0,0,..,4,0,4,0,4,..,0,0,0,0,0,..,0,0,0,0,0,..,0,0,0
SAL80052,0,0,0,0,..,6,0,6,0,6,..,10,0,10,0,10,..,5,0,5,0,5,..,20,0,20,0,20,..,13,0,13,0,13,..,0,0,0,0,0,..,0,0,0,0,0,..,5,0,3,0,3,..,9,0,9,0,9,..,50,0,50,0,55,..,292,22,313,0,317,..,5,0,5,77,90,1466,296,22,322,81,1869,1494,..,..,..,..,1494,..,0,0,0,0,0,..,18,0,20,0,20,..,0,0,0,0,0,..,13,0,18,0,18,..,23,3,28,0,28,..,0,0,0,0,0,..,37,3,40,0,40,..,6,0,4,0,4,..,18,0,26,0,26,..,9,0,9,0,9,..,21,0,18,0,18,..,6,0,6,0,6,..,0,0,0,0,0,..,14,0,14,0,14,..,15,0,19,0,19,..,12,0,17,0,17,..,4,0,4,0,4,..,11,0,11,0,11,..,0,0,3
SAL80053,0,3,0,3,..,0,0,0,0,0,..,0,0,0,0,0,..,0,0,0,0,0,..,9,0,9,0,9,..,12,0,8,0,8,..,0,0,0,0,0,..,0,0,0,0,0,..,0,0,0,0,0,..,7,0,7,0,7,..,34,9,44,0,44,..,230,26,259,0,257,..,0,4,10,59,64,1247,234,28,266,57,1568,1327,..,..,..,..,1327,..,0,0,0,0,0,..,7,0,3,0,3,..,0,0,0,0,0,..,12,3,10,0,10,..,16,3,19,0,19,..,0,0,0,0,0,..,26,4,34,0,34,..,7,0,10,0,10,..,18,0,18,0,18,..,10,0,10,0,10,..,7,0,14,0,14,..,5,0,5,0,5,..,6,0,6,0,6,..,3,0,5,0,5,..,20,0,21,0,21,..,7,0,7,0,7,..,3,0,3,0,3,..,0,0,0,0,0,..,0,0,0
SAL80054,0,7,0,7,..,4,0,4,0,4,..,17,0,15,0,15,..,3,0,3,0,3,..,31,0,36,0,36,..,23,5,31,0,36,..,9,0,9,0,9,..,6,0,3,0,5,..,0,0,0,0,0,..,78,23,98,0,98,..,86,6,88,0,96,..,565,87,647,6,653,..,9,0,9,63,72,1592,571,89,659,63,2316,1649,..,..,..,..,1649,..,5,0,5,0,5,..,13,7,18,0,18,..,4,0,4,0,4,..,19,13,34,0,30,..,48,16,66,0,66,..,0,0,3,0,3,..,72,38,105,0,102,..,22,3,20,0,20,..,0,0,0,0,0,..,11,0,11,0,11,..,7,4,13,0,13,..,5,0,3,0,3,..,9,0,9,0,9,..,25,0,30,0,30,..,31,0,31,0,31,..,13,0,19,0,19,..,11,0,11,0,11,..,30,5,31,0,31,..,0,0,0
SAL80055,0,0,0,0,..,0,0,0,0,0,..,3,0,3,0,3,..,5,0,4,0,4,..,4,0,7,0,7,..,24,5,26,0,26,..,0,0,3,0,3,..,3,0,3,0,3,..,0,0,0,0,0,..,12,0,7,0,7,..,51,3,58,0,58,..,228,29,255,0,255,..,8,0,8,48,54,1542,239,29,261,48,1849,1527,..,..,..,..,1527,..,0,0,0,0,0,..,0,0,0,0,0,..,0,0,0,0,0,..,3,0,3,0,3,..,23,0,21,0,21,..,0,0,0,0,0,..,28,0,31,0,31,..,4,0,4,0,4,..,7,0,7,0,7,..,11,0,11,0,11,..,10,5,11,0,11,..,0,0,4,0,4,..,0,0,0,0,0,..,10,0,10,0,10,..,5,0,5,0,5,..,8,4,6,0,6,..,0,0,0,0,0,..,7,0,8,0,8,..,0,0,0
SAL80056,0,9,0,9,..,0,0,0,0,0,..,9,0,9,0,8,..,0,0,0,0,0,..,16,0,16,0,17,..,21,0,21,0,21,..,27,0,27,0,28,..,0,0,3,0,3,..,0,0,0,0,0,..,23,0,25,0,25,..,65,4,67,0,71,..,592,59,646,9,653,..,6,0,9,62,72,1474,602,59,657,66,2198,1453,..,..,..,..,1453,..,14,0,14,0,14,..,11,0,13,0,13,..,0,0,0,0,0,..,27,3,27,0,27,..,103,33,137,0,138,..,6,0,6,0,6,..,132,36,161,0,166,..,39,0,38,0,38,..,6,0,8,0,4,..,9,0,9,0,9,..,11,0,10,0,10,..,14,0,12,0,12,..,17,0,17,0,17,..,55,3,57,0,57,..,8,0,8,0,8,..,22,0,24,0,24,..,23,0,23,0,23,..,14,0,14,0,14,..,0,0,3
SAL80057,0,0,0,0,..,0,0,0,0,0,..,0,0,0,0,0,..,3,0,3,0,3,..,5,0,5,0,5,..,3,0,3,0,4,..,10,0,10,0,10,..,0,0,0,0,0,..,0,0,0,0,0,..,4,0,4,0,4,..,14,3,17,0,14,..,165,10,169,7,171,..,0,0,0,21,25,682,168,10,174,26,875,737,..,..,..,..,737,..,0,0,0,0,0,..,0,0,0,0,0,..,0,0,0,0,0,..,11,0,11,0,11,..,22,4,24,0,24,..,0,0,0,0,0,..,34,4,32,0,32,..,3,0,3,0,3,..,8,0,8,0,8,..,0,0,0,0,0,..,16,0,19,0,19,..,3,0,3,0,3,..,3,0,3,0,3,..,9,0,9,0,9,..,0,0,3,0,3,..,0,0,5,0,5,..,9,0,8,0,8,..,0,0,0,0,0,..,0,0,0
SAL80058,0,9,0,9,..,16,0,16,0,16,..,28,0,28,0,28,..,5,0,5,0,5,..,67,0,67,0,67,..,35,4,37,0,37,..,37,6,43,5,46,..,12,4,15,0,15,..,5,0,6,0,6,..,79,14,98,0,98,..,227,30,253,4,262,..,1750,237,1989,18,2004,..,12,0,11,132,145,1637,1759,243,1999,148,3788,1579,..,..,..,..,1579,..,10,0,10,0,10,..,35,4,45,0,45,..,0,0,0,0,0,..,66,16,81,0,81,..,338,89,427,0,431,..,4,0,4,0,10,..,411,106,519,4,516,..,32,0,32,0,32,..,6,0,6,0,6,..,14,0,14,0,13,..,10,0,10,0,10,..,64,3,68,0,66,..,47,0,51,0,47,..,87,5,96,0,96,..,173,3,173,6,178,..,89,5,91,0,91,..,47,0,47,0,49,..,51,6,49,0,49,..,15,0,20
SAL80059,0,0,0,0,..,0,0,0,0,0,..,0,0,0,0,0,..,0,0,0,0,0,..,0,0,0,0,0,..,6,0,6,0,6,..,0,0,0,0,0,..,0,0,0,0,0,..,0,0,0,0,0,..,0,0,3,0,3,..,27,4,33,0,33,..,83,13,91,0,91,..,9,0,9,19,24,979,88,13,100,19,1101,923,..,..,..,..,923,..,0,0,0,0,0,..,3,0,5,0,5,..,0,0,0,0,0,..,3,0,3,0,3,..,7,0,10,0,10,..,0,0,0,0,0,..,15,0,17,0,17,..,0,0,0,0,0,..,0,0,0,0,0,..,6,0,6,0,6,..,7,0,7,0,7,..,0,0,0,0,0,..,0,0,0,0,0,..,3,0,3,0,3,..,0,0,0,0,0,..,0,0,0,0,0,..,7,0,7,0,7,..,0,0,0,0,0,..,0,0,0
SAL80060,0,0,0,0,..,0,0,0,0,0,..,0,0,0,0,0,..,0,0,0,0,0,..,0,0,0,0,0,..,0,0,0,0,0,..,0,0,0,0,0,..,0,0,0,0,0,..,0,0,0,0,0,..,0,0,0,0,0,..,3,0,3,0,3,..,3,0,3,0,3,..,0,0,0,5,6,23,6,0,3,5,38,13,..,..,..,..,13,..,0,0,0,0,0,..,0,0,0,0,0,..,0,0,0,0,0,..,0,0,0,0,0,..,0,5,3,0,3,..,0,0,0,0,0,..,0,5,3,0,3,..,0,0,0,0,0,..,0,0,0,0,0,..,0,0,0,0,0,..,0,0,0,0,0,..,0,0,0,0,0,..,0,0,0,0,0,..,0,0,0,0,0,..,0,0,0,0,0,..,0,0,0,0,0,..,0,0,0,0,0,..,0,0,0,0,0,..,0,0,0
SAL80061,0,5,0,5,..,13,0,13,0,13,..,5,0,5,0,3,..,8,0,8,0,8,..,29,0,29,0,26,..,3,0,3,0,3,..,30,0,33,0,33,..,0,0,3,0,3,..,0,0,0,0,0,..,7,0,8,0,8,..,80,0,79,0,80,..,465,35,503,8,508,..,4,0,4,72,74,1187,472,35,505,74,1768,1286,..,..,..,..,1286,..,0,0,4,0,4,..,5,0,5,0,11,..,0,0,0,0,0,..,17,5,16,0,16,..,58,6,58,0,58,..,0,0,0,0,0,..,65,8,80,0,80,..,4,0,9,0,9,..,14,0,14,0,14,..,7,0,7,0,7,..,20,0,20,0,20,..,18,0,18,0,23,..,4,0,4,0,4,..,26,0,29,0,29,..,27,0,27,0,27,..,7,0,8,0,8,..,10,0,9,0,9,..,18,0,22,0,22,..,9,0,9
SAL80062,0,0,0,0,..,0,0,0,0,0,..,3,0,3,0,3,..,4,0,4,0,4,..,10,0,13,0,13,..,6,3,9,0,9,..,4,0,4,0,4,..,3,0,4,0,4,..,0,0,0,0,0,..,10,0,13,0,13,..,39,4,49,0,44,..,171,22,188,0,192,..,0,0,0,31,33,1160,169,22,194,29,1383,1082,..,..,..,..,1082,..,0,0,0,0,0,..,17,3,20,0,20,..,5,0,5,0,5,..,7,5,11,0,11,..,8,3,8,0,8,..,0,0,0,0,0,..,10,7,19,0,19,..,5,0,5,0,5,..,4,0,4,0,4,..,3,0,3,0,3,..,7,0,9,0,9,..,0,0,0,0,0,..,0,0,0,0,0,..,0,0,0,0,0,..,0,0,0,0,0,..,0,0,0,0,0,..,0,0,0,0,0,..,0,0,0,0,0,..,0,0,0
SAL80063,0,3,0,3,..,9,0,5,0,5,..,3,0,4,0,4,..,0,0,0,0,0,..,7,5,11,0,11,..,17,0,17,0,17,..,0,0,0,0,0,..,3,0,3,0,3,..,0,0,0,0,0,..,9,0,9,0,9,..,33,8,42,0,42,..,265,29,297,0,297,..,4,0,4,44,50,1338,268,29,297,44,1685,1296,..,..,..,..,1296,..,0,0,0,0,0,..,20,0,23,0,23,..,3,0,3,0,3,..,13,4,13,0,13,..,27,5,34,0,34,..,0,0,6,0,6,..,40,13,49,0,49,..,18,0,18,0,18,..,16,0,16,0,16,..,4,0,4,0,4,..,17,0,18,0,18,..,3,0,3,0,3,..,0,0,0,0,0,..,0,0,0,0,0,..,5,0,5,0,5,..,5,0,5,0,5,..,6,0,5,0,5,..,0,0,0,0,0,..,5,0,5
SAL80064,0,7,0,7,..,3,0,6,0,6,..,20,0,19,0,19,..,6,0,6,0,6,..,35,5,36,0,36,..,19,0,19,0,19,..,18,0,18,0,18,..,5,0,5,0,5,..,0,0,0,0,0,..,27,9,31,0,31,..,68,12,86,0,90,..,501,64,569,4,574,..,11,0,11,93,101,3118,512,64,580,99,3798,3313,..,..,..,..,3313,..,5,0,5,0,5,..,30,3,35,0,35,..,0,0,0,0,0,..,16,3,20,0,20,..,17,4,22,0,22,..,0,0,0,0,0,..,36,7,41,0,41,..,10,0,10,0,10,..,4,0,4,0,4,..,11,0,12,0,12,..,14,0,14,0,14,..,16,0,20,0,20,..,0,0,0,0,0,..,33,0,33,0,33,..,12,0,19,0,15,..,34,3,39,0,39,..,18,0,18,0,18,..,18,5,19,0,19,..,0,0,0
SAL80065,0,0,5,3,..,3,0,3,0,3,..,12,0,12,0,12,..,0,0,0,0,0,..,16,0,16,5,16,..,10,0,13,0,13,..,0,0,0,0,0,..,5,0,3,0,3,..,0,0,0,0,0,..,7,0,9,0,9,..,28,3,25,0,32,..,198,11,210,4,219,..,6,0,6,35,43,1272,204,11,220,42,1529,1309,..,..,..,..,1309,..,0,0,0,0,0,..,25,0,24,0,24,..,0,0,0,0,0,..,5,0,9,0,9,..,8,0,11,0,11,..,0,0,0,0,0,..,13,5,23,0,23,..,11,0,11,0,11,..,12,0,12,0,12,..,0,0,0,0,0,..,3,0,6,0,6,..,6,0,6,0,6,..,0,0,0,0,0,..,6,0,6,0,6,..,4,0,3,0,3,..,8,0,9,0,9,..,6,0,6,0,6,..,0,0,0,0,0,..,0,0,0
SAL80066,0,14,0,14,..,0,0,0,0,0,..,9,0,9,0,9,..,0,0,0,0,0,..,19,0,19,0,19,..,16,0,18,0,22,..,24,0,28,4,27,..,9,0,4,0,4,..,5,0,6,0,5,..,5,0,3,0,3,..,64,0,65,0,68,..,443,30,471,13,481,..,9,4,12,93,102,1412,450,29,486,102,1999,1519,..,..,..,..,1519,..,0,0,0,0,0,..,19,3,19,0,19,..,5,0,5,0,5,..,25,0,21,0,21,..,20,9,25,0,24,..,0,0,0,0,0,..,43,10,50,0,48,..,15,0,15,0,15,..,7,0,6,0,6,..,5,0,5,0,4,..,9,0,9,0,9,..,7,0,7,0,7,..,15,0,20,0,20,..,28,0,28,0,28,..,56,0,55,0,55,..,15,0,20,0,20,..,8,0,8,0,8,..,19,0,19,0,15,..,12,6,9
SAL80067,0,4,0,4,..,8,0,8,0,8,..,5,0,5,0,5,..,0,0,0,0,0,..,13,0,13,0,13,..,22,0,24,0,24,..,9,0,9,0,9,..,5,0,5,0,5,..,10,0,10,0,10,..,5,5,12,0,12,..,42,13,53,0,53,..,416,30,452,5,457,..,8,4,13,90,101,2061,430,35,464,90,2620,2020,..,..,..,..,2020,..,0,0,0,0,0,..,8,0,13,0,13,..,3,0,3,0,3,..,30,6,33,0,33,..,70,7,73,0,73,..,9,0,9,0,9,..,100,13,114,0,114,..,0,0,6,0,6,..,63,0,63,0,63,..,16,0,16,0,16,..,14,0,14,0,14,..,12,0,12,0,12,..,3,0,4,0,4,..,16,0,16,0,16,..,34,0,32,0,32,..,15,0,19,0,19,..,8,0,8,0,8,..,10,0,10,0,10,..,3,0,3
SAL80068,0,27,0,27,..,4,0,5,0,5,..,30,0,30,0,31,..,8,0,8,0,8,..,75,0,69,0,76,..,46,7,51,0,51,..,32,0,32,0,35,..,6,0,10,0,8,..,6,0,6,0,6,..,83,13,90,0,90,..,193,40,234,0,236,..,1725,346,2070,9,2080,..,27,4,36,147,186,2069,1753,353,2104,159,4331,2091,..,..,..,..,2091,..,11,0,11,0,11,..,32,8,36,0,38,..,9,0,9,0,9,..,81,22,100,0,97,..,313,99,411,4,414,..,8,4,6,0,6,..,402,124,522,5,526,..,23,3,25,0,25,..,14,0,14,0,14,..,8,0,8,0,13,..,18,0,16,0,16,..,38,0,37,0,37,..,54,3,59,0,59,..,87,6,88,0,88,..,170,4,173,0,175,..,92,4,98,4,98,..,22,0,21,0,21,..,54,3,57,0,59,..,21,0,18
SAL80069,0,0,0,0,..,4,0,4,0,4,..,0,0,0,0,0,..,3,0,4,0,4,..,13,0,13,0,13,..,6,0,6,0,6,..,0,0,0,0,0,..,0,0,0,0,0,..,0,0,0,0,0,..,6,0,14,0,14,..,41,5,52,0,52,..,176,14,196,0,193,..,10,0,11,55,65,1299,190,17,206,58,1556,1389,..,..,..,..,1389,..,3,0,3,0,3,..,6,3,4,0,4,..,6,0,6,0,6,..,6,0,4,0,4,..,13,0,13,0,13,..,0,0,0,0,0,..,15,3,19,0,19,..,5,0,5,0,5,..,21,0,22,0,22,..,10,0,10,0,10,..,16,6,29,0,29,..,8,0,3,0,3,..,0,0,0,0,0,..,0,0,3,0,3,..,6,0,6,0,6,..,0,0,0,0,0,..,0,0,0,0,0,..,4,0,4,0,4,..,0,0,0
SAL80070,0,0,0,0,..,0,0,0,0,0,..,0,0,0,0,0,..,0,0,0,0,0,..,0,0,0,0,0,..,0,0,0,0,0,..,3,0,3,0,3,..,0,0,0,0,0,..,0,0,0,0,0,..,0,0,0,0,0,..,0,0,0,0,0,..,8,0,8,0,8,..,0,0,0,3,3,136,8,0,8,3,150,145,..,..,..,..,145,..,0,0,0,0,0,..,0,0,0,0,0,..,0,0,0,0,0,..,0,0,0,0,0,..,0,0,0,0,0,..,0,0,0,0,0,..,0,0,0,0,0,..,0,0,0,0,0,..,0,0,0,0,0,..,3,0,3,0,3,..,0,0,0,0,0,..,0,0,0,0,0,..,0,0,0,0,0,..,0,0,0,0,0,..,0,0,0,0,0,..,0,0,0,0,0,..,0,0,0,0,0,..,0,0,0,0,0,..,0,0,0
SAL80071,0,8,0,8,..,9,0,9,0,9,..,24,0,24,0,28,..,7,0,7,0,7,..,48,0,48,0,51,..,32,7,37,5,42,..,49,0,49,0,49,..,12,0,15,0,15,..,8,0,8,0,9,..,68,14,84,0,84,..,211,18,225,10,233,..,1538,224,1765,14,1777,..,27,6,32,125,156,2230,1569,229,1794,139,4163,2215,..,..,..,..,2215,..,4,0,4,0,9,..,18,0,21,0,21,..,0,0,0,0,0,..,90,20,111,0,111,..,258,77,339,10,347,..,5,0,3,0,3,..,352,99,453,10,458,..,25,4,29,0,29,..,10,0,10,0,10,..,3,0,3,0,3,..,20,4,24,0,24,..,72,5,79,0,79,..,46,3,46,0,46,..,72,4,75,0,75,..,103,3,106,0,106,..,43,3,47,0,49,..,27,0,27,0,27,..,59,4,61,0,63,..,30,0,28
SAL80072,0,0,0,0,..,0,0,0,0,0,..,5,0,5,0,5,..,0,0,0,0,0,..,8,0,8,0,8,..,8,0,9,0,9,..,3,0,3,0,3,..,3,0,3,0,3,..,0,0,0,0,0,..,18,6,19,0,19,..,47,0,46,0,46,..,237,20,258,0,258,..,3,5,9,49,60,1161,238,24,263,52,1479,1192,..,..,..,..,1192,..,0,0,0,0,0,..,0,0,0,0,0,..,0,0,0,0,0,..,4,0,6,0,6,..,21,6,29,0,32,..,5,0,4,0,4,..,30,10,39,0,40,..,5,0,5,0,5,..,0,0,0,0,0,..,7,0,7,0,7,..,15,0,16,0,16,..,22,0,19,0,19,..,8,0,12,0,12,..,12,0,12,0,12,..,20,0,20,0,20,..,14,0,12,0,12,..,6,0,10,0,10,..,8,0,8,0,8,..,0,0,0
SAL80073,0,3,0,3,..,4,0,4,0,4,..,4,0,4,0,4,..,0,0,0,0,0,..,14,0,14,0,14,..,18,3,20,0,20,..,0,0,0,0,0,..,0,0,0,0,0,..,0,0,0,0,0,..,18,10,26,0,31,..,43,6,45,0,46,..,222,39,256,3,259,..,0,0,6,44,50,1336,225,39,263,45,1642,1325,..,..,..,..,1325,..,0,0,0,0,0,..,5,0,5,0,5,..,3,0,3,0,3,..,4,3,10,0,10,..,16,5,19,0,19,..,0,0,0,0,0,..,19,4,34,0,34,..,6,0,6,0,6,..,8,0,8,0,8,..,7,0,7,0,7,..,12,0,18,0,18,..,3,0,3,0,3,..,0,0,0,0,0,..,9,0,11,0,11,..,9,0,9,0,9,..,12,0,12,0,12,..,6,0,7,0,7,..,0,0,0,0,0,..,0,0,4
SAL80074,0,3,0,3,..,5,0,5,0,5,..,4,0,4,0,4,..,0,0,0,0,0,..,8,0,8,0,8,..,3,0,3,0,3,..,3,0,3,0,3,..,0,0,0,0,0,..,0,0,0,0,0,..,5,4,10,0,10,..,39,5,39,0,42,..,183,18,197,5,201,..,0,0,0,50,50,1109,183,18,203,54,1361,1161,..,..,..,..,1161,..,0,0,0,0,0,..,7,0,7,0,7,..,0,0,0,0,0,..,13,0,14,0,14,..,12,5,23,0,23,..,0,0,0,0,0,..,28,5,33,0,33,..,0,0,9,0,9,..,3,0,3,0,3,..,0,0,0,0,0,..,6,0,6,0,6,..,9,0,9,0,9,..,0,0,0,0,0,..,4,0,4,0,4,..,10,4,10,0,10,..,8,0,8,0,8,..,0,0,0,0,0,..,0,0,0,0,0,..,0,0,0
SAL80075,0,7,0,7,..,12,0,12,0,12,..,8,0,8,0,8,..,0,0,5,0,5,..,28,0,26,0,26,..,27,0,31,0,31,..,3,0,3,0,3,..,3,3,5,0,5,..,0,0,0,0,0,..,26,8,34,0,32,..,82,12,93,5,98,..,462,59,519,9,529,..,15,7,18,83,101,2127,473,62,538,88,2749,2198,..,..,..,..,2198,..,4,0,4,0,4,..,32,5,39,0,38,..,0,0,0,0,0,..,5,3,6,0,6,..,30,9,44,0,44,..,0,0,0,0,0,..,36,15,48,0,48,..,6,3,4,0,4,..,8,0,8,0,8,..,9,0,9,0,9,..,8,0,8,0,8,..,8,5,6,0,6,..,16,0,20,0,20,..,32,3,29,0,37,..,30,0,32,0,32,..,35,3,42,0,42,..,9,0,9,0,9,..,14,0,17,0,17,..,9,0,9
SAL80076,0,0,0,0,..,5,0,5,0,5,..,3,0,3,0,3,..,0,0,0,0,0,..,11,0,11,0,11,..,10,0,16,0,16,..,4,0,4,0,4,..,6,0,4,0,4,..,0,0,0,0,0,..,4,0,5,0,5,..,43,4,50,0,49,..,220,14,235,0,235,..,3,0,3,41,49,1238,226,14,245,42,1520,1362,..,..,..,..,1362,..,0,0,0,0,0,..,0,0,0,0,0,..,0,0,0,0,0,..,14,5,12,0,12,..,18,3,19,0,19,..,0,0,0,0,0,..,29,5,28,0,28,..,6,4,8,0,8,..,18,0,18,0,24,..,4,6,3,0,7,..,6,0,6,0,6,..,0,0,0,0,0,..,5,0,5,0,5,..,6,0,6,0,6,..,20,0,20,0,20,..,0,0,0,0,0,..,0,0,0,0,0,..,0,0,0,0,0,..,4,0,8
SAL80077,0,0,0,0,..,0,0,0,0,0,..,0,0,0,0,0,..,0,0,0,0,0,..,0,0,0,0,0,..,0,0,0,0,0,..,0,0,0,0,0,..,0,0,0,0,0,..,0,0,0,0,0,..,0,0,0,0,0,..,0,0,0,0,0,..,0,0,0,0,0,..,0,0,0,359,359,10,0,0,0,359,366,0,..,..,..,..,0,..,0,0,0,0,0,..,0,0,0,0,0,..,0,0,0,0,0,..,0,0,0,0,0,..,0,0,0,0,0,..,0,0,0,0,0,..,0,0,0,0,0,..,0,0,0,0,0,..,0,0,0,0,0,..,0,0,0,0,0,..,0,0,0,0,0,..,0,0,0,0,0,..,0,0,0,0,0,..,0,0,0,0,0,..,0,0,0,0,0,..,0,0,0,0,0,..,0,0,0,0,0,..,0,0,0,0,0,..,0,0,0
SAL80078,0,0,0,0,..,4,0,4,0,4,..,3,0,3,0,7,..,0,0,0,0,0,..,15,0,15,0,10,..,9,0,9,0,9,..,30,0,27,0,27,..,0,0,0,0,0,..,0,0,4,0,4,..,7,0,7,0,7,..,38,0,41,0,41,..,309,20,330,0,335,..,7,0,7,35,41,773,312,20,338,40,1149,799,..,..,..,..,799,..,0,0,0,0,0,..,6,0,6,0,6,..,0,0,0,0,0,..,21,8,31,0,31,..,48,0,48,0,48,..,5,0,4,0,4,..,78,5,87,0,87,..,10,0,10,0,10,..,0,0,0,0,0,..,3,0,3,0,11,..,18,7,21,0,21,..,7,0,10,0,10,..,0,0,0,0,0,..,22,0,22,0,22,..,4,0,4,0,4,..,9,0,9,0,9,..,9,0,9,0,9,..,5,0,5,0,5,..,8,0,8
SAL80079,0,12,0,12,..,0,0,0,0,0,..,14,0,14,0,14,..,3,0,3,0,3,..,29,0,28,0,28,..,9,0,18,0,18,..,8,0,8,0,8,..,4,0,4,0,4,..,0,0,0,0,0,..,24,4,25,0,29,..,51,8,54,0,57,..,373,46,415,7,419,..,7,0,7,56,63,1603,379,46,427,56,2086,1728,..,..,..,..,1728,..,3,0,3,0,3,..,32,9,33,0,38,..,0,0,0,0,0,..,9,0,13,0,13,..,10,0,11,0,14,..,0,0,0,0,0,..,21,0,27,0,28,..,13,0,13,0,13,..,8,0,8,0,4,..,13,0,13,0,13,..,6,0,6,0,6,..,9,0,16,0,16,..,0,0,0,0,0,..,8,3,7,0,7,..,13,0,13,0,13,..,31,4,39,0,38,..,10,0,10,0,10,..,9,0,14,0,14,..,0,0,0
SAL80080,0,6,0,4,..,0,0,0,0,0,..,0,0,0,0,0,..,0,0,0,0,0,..,12,0,8,0,12,..,0,0,0,0,0,..,3,0,5,0,5,..,0,0,0,0,0,..,0,0,0,0,0,..,0,0,0,0,0,..,27,4,35,0,36,..,145,16,167,0,174,..,0,0,0,8,12,160,152,16,170,16,345,165,..,..,..,..,165,..,3,0,3,0,3,..,0,0,0,0,0,..,0,0,0,0,0,..,3,0,3,0,3,..,7,0,11,0,11,..,0,0,0,0,0,..,17,0,16,0,16,..,0,0,0,0,0,..,4,0,4,0,4,..,0,0,0,0,0,..,0,0,0,0,0,..,3,0,3,0,3,..,10,0,12,0,12,..,15,3,20,0,20,..,10,3,12,0,12,..,23,0,23,0,22,..,3,0,3,0,3,..,9,0,11,0,11,..,6,0,6
SAL80081,0,11,0,11,..,12,0,12,0,12,..,18,0,15,0,21,..,6,0,6,0,6,..,47,0,46,0,47,..,28,11,40,0,40,..,14,0,14,0,14,..,6,6,10,0,10,..,0,0,0,0,0,..,48,14,65,0,62,..,116,15,133,0,137,..,856,128,983,14,995,..,16,3,16,114,133,2808,868,136,998,129,3937,2645,..,..,..,..,2645,..,3,0,3,0,3,..,33,0,33,0,33,..,0,0,0,0,0,..,28,5,31,0,31,..,121,39,160,0,163,..,0,0,0,0,0,..,149,48,197,0,198,..,39,9,51,0,51,..,11,0,17,0,17,..,11,0,11,0,11,..,49,0,49,0,51,..,9,0,9,0,9,..,4,0,4,0,4,..,28,0,28,0,28,..,20,0,20,0,20,..,13,0,20,0,20,..,13,0,14,0,14,..,13,0,13,0,13,..,6,0,7
SAL80082,4,13,0,13,..,8,0,8,0,8,..,16,0,16,0,17,..,4,3,3,0,3,..,43,6,45,0,44,..,51,5,61,0,61,..,13,0,13,0,13,..,10,0,13,0,13,..,0,0,0,0,0,..,37,6,39,0,39,..,136,22,154,0,157,..,924,116,1040,11,1051,..,19,0,19,272,295,6433,945,118,1061,284,7780,6463,..,..,..,..,6463,..,13,0,13,0,13,..,37,12,54,0,54,..,5,0,5,0,5,..,29,8,29,0,29,..,42,11,49,0,53,..,3,0,3,0,3,..,74,16,83,0,83,..,38,10,45,0,45,..,30,0,34,0,34,..,43,0,43,0,43,..,20,3,25,0,25,..,11,0,11,0,11,..,6,0,6,0,6,..,23,3,27,0,27,..,55,0,56,0,56,..,27,5,28,0,28,..,19,0,23,0,23,..,10,0,10,0,10,..,0,0,3
SAL80083,0,6,0,6,..,10,0,11,0,11,..,7,0,7,0,7,..,9,0,9,0,9,..,29,0,29,0,29,..,26,0,26,0,26,..,11,0,11,0,11,..,4,0,4,0,4,..,5,0,5,0,5,..,4,6,6,0,13,..,51,3,53,0,53,..,469,20,487,3,494,..,5,0,9,302,318,2355,478,25,501,310,3165,2500,..,..,..,..,2500,..,3,0,3,0,4,..,15,3,16,0,16,..,0,0,0,0,0,..,34,0,34,0,34,..,70,7,75,3,85,..,5,0,5,0,5,..,112,7,115,3,123,..,7,0,7,0,7,..,50,0,51,0,51,..,12,0,12,0,12,..,9,0,9,0,9,..,12,0,12,0,12,..,3,0,3,0,3,..,15,0,15,0,15,..,14,0,12,0,12,..,6,0,6,0,6,..,5,0,5,0,5,..,4,0,6,0,6,..,7,0,6
SAL80084,0,4,0,4,..,3,0,3,0,3,..,0,0,0,0,0,..,0,0,0,0,0,..,6,0,6,0,6,..,18,0,18,0,18,..,0,0,0,0,0,..,0,0,0,0,0,..,0,0,0,0,0,..,17,8,20,0,20,..,42,11,49,0,54,..,233,35,265,0,271,..,4,0,4,79,86,1518,239,35,272,84,1869,1509,..,..,..,..,1509,..,8,0,8,0,8,..,15,0,17,0,17,..,3,0,3,0,3,..,4,0,4,0,4,..,25,8,36,0,36,..,0,0,0,0,0,..,36,8,41,0,44,..,11,0,14,0,14,..,0,0,0,0,0,..,5,0,5,0,5,..,13,0,13,0,13,..,6,0,5,0,5,..,0,0,0,0,0,..,14,0,20,0,20,..,0,0,0,0,0,..,15,0,13,0,13,..,0,0,0,0,0,..,7,0,11,0,11,..,0,0,0
SAL80085,0,7,0,7,..,9,0,9,0,6,..,11,0,11,0,11,..,0,0,0,0,0,..,25,0,25,0,26,..,10,0,10,0,11,..,26,0,26,0,25,..,0,0,0,0,0,..,0,0,0,0,0,..,33,3,35,0,35,..,70,0,67,0,67,..,673,54,731,4,737,..,9,0,9,73,82,591,681,54,735,86,1409,588,..,..,..,..,588,..,5,0,5,0,5,..,4,0,3,0,3,..,0,0,0,0,0,..,31,6,36,0,36,..,178,25,206,3,207,..,10,0,8,0,8,..,216,40,254,3,255,..,0,0,0,0,0,..,0,0,0,0,0,..,0,0,0,0,0,..,0,0,0,0,0,..,12,0,12,0,12,..,4,0,7,0,7,..,35,0,32,0,32,..,32,4,36,0,36,..,15,4,22,0,22,..,8,0,8,0,8,..,12,0,13,0,13,..,9,0,9
SAL80086,0,0,0,0,..,20,0,20,0,20,..,0,0,0,0,0,..,6,0,6,0,6,..,30,0,33,0,33,..,24,0,29,0,29,..,7,0,7,0,7,..,4,5,11,0,11,..,0,0,0,0,0,..,35,7,44,0,44,..,133,14,147,0,151,..,614,68,686,5,693,..,12,0,10,154,167,1876,624,74,698,159,2734,1981,..,..,..,..,1981,..,0,0,0,0,0,..,12,0,11,0,11,..,0,0,0,0,0,..,33,3,35,0,35,..,121,14,133,0,139,..,8,0,8,0,8,..,151,21,175,0,176,..,17,3,16,0,16,..,21,0,19,0,19,..,21,0,21,0,21,..,18,3,26,0,26,..,15,0,15,0,15,..,4,0,4,0,4,..,30,0,30,0,32,..,37,5,41,0,41,..,4,0,4,0,4,..,3,0,3,0,3,..,7,0,9,0,13,..,5,0,5
SAL80087,0,4,0,4,..,8,0,8,0,8,..,9,0,9,0,9,..,3,0,3,0,3,..,17,0,17,0,17,..,9,0,7,0,7,..,7,0,10,0,10,..,4,3,4,0,4,..,0,0,0,0,0,..,6,0,12,0,12,..,89,7,93,0,94,..,416,28,449,4,457,..,6,0,8,63,74,1076,431,29,460,71,1605,1081,..,..,..,..,1081,..,0,0,0,0,0,..,5,0,5,0,5,..,0,0,0,0,0,..,6,4,14,0,14,..,23,5,26,0,26,..,4,0,4,0,4,..,33,10,46,0,46,..,4,0,4,0,4,..,10,0,10,0,10,..,14,0,14,0,14,..,6,0,12,0,12,..,12,0,11,0,11,..,0,0,0,0,0,..,29,0,29,0,29,..,81,7,83,0,89,..,18,0,22,0,22,..,14,0,14,0,14,..,15,0,18,0,17,..,0,0,0
SAL80088,0,0,0,0,..,0,0,0,0,0,..,0,0,0,0,0,..,0,0,0,0,0,..,0,0,0,0,0,..,0,0,0,0,0,..,0,0,0,0,0,..,0,0,0,0,0,..,0,0,0,0,0,..,0,0,0,0,0,..,8,0,4,0,4,..,61,5,64,0,64,..,0,0,0,3,5,626,60,6,66,3,693,634,..,..,..,..,634,..,0,0,0,0,0,..,3,0,3,0,3,..,0,0,0,0,0,..,0,0,0,0,0,..,3,0,3,0,3,..,0,0,0,0,0,..,5,0,5,0,5,..,0,0,0,0,0,..,4,0,4,0,4,..,0,0,0,0,0,..,6,0,6,0,6,..,3,0,3,0,3,..,0,0,0,0,0,..,5,0,5,0,5,..,0,0,0,0,0,..,0,0,0,0,0,..,3,0,3,0,3,..,0,0,0,0,0,..,0,0,0
SAL80089,0,16,0,16,..,12,0,9,0,9,..,33,0,33,0,33,..,3,0,3,0,7,..,59,0,61,0,63,..,13,0,17,0,17,..,9,0,9,0,9,..,5,0,3,0,3,..,5,0,0,0,8,..,37,0,39,0,39,..,119,14,129,4,131,..,743,67,810,10,816,..,25,0,25,83,105,2536,766,67,834,92,3460,2585,..,..,..,..,2585,..,8,0,13,0,13,..,23,7,38,0,38,..,0,0,0,0,0,..,9,4,14,0,14,..,36,14,43,0,43,..,0,0,0,0,3,..,46,19,64,0,65,..,0,0,4,0,4,..,18,0,18,0,18,..,23,0,23,0,23,..,14,3,20,0,20,..,30,4,30,0,30,..,7,0,11,0,11,..,44,0,48,0,48,..,21,0,25,0,25,..,85,9,90,0,90,..,17,0,17,0,17,..,26,0,30,0,30,..,13,0,13
SAL80090,0,0,0,0,..,0,0,0,0,0,..,0,0,0,0,0,..,0,0,0,0,0,..,0,0,0,0,0,..,0,0,0,0,0,..,0,0,0,0,0,..,0,0,0,0,0,..,0,0,0,0,0,..,0,0,0,0,0,..,0,0,0,0,0,..,0,0,0,0,0,..,0,0,0,0,0,0,0,0,0,0,0,0,..,..,..,..,0,..,0,0,0,0,0,..,0,0,0,0,0,..,0,0,0,0,0,..,0,0,0,0,0,..,0,0,0,0,0,..,0,0,0,0,0,..,0,0,0,0,0,..,0,0,0,0,0,..,0,0,0,0,0,..,0,0,0,0,0,..,0,0,0,0,0,..,0,0,0,0,0,..,0,0,0,0,0,..,0,0,0,0,0,..,0,0,0,0,0,..,0,0,0,0,0,..,0,0,0,0,0,..,0,0,0,0,0,..,0,0,0
SAL80091,0,6,0,6,..,9,0,9,0,9,..,9,0,9,0,9,..,0,0,0,0,0,..,18,0,21,0,21,..,18,0,18,0,18,..,0,0,0,0,0,..,4,0,4,0,4,..,3,0,3,0,3,..,24,8,37,0,37,..,58,10,68,0,67,..,331,39,374,5,375,..,7,0,6,103,109,1043,334,43,377,107,1526,1109,..,..,..,..,1109,..,0,0,0,0,0,..,19,0,19,0,19,..,0,0,0,0,0,..,14,0,13,0,13,..,35,10,43,0,43,..,0,0,0,0,0,..,43,8,58,0,58,..,6,0,6,0,6,..,17,0,17,0,17,..,7,0,7,0,7,..,0,0,4,0,4,..,5,0,5,0,5,..,4,0,4,0,4,..,13,0,9,0,9,..,20,0,20,0,20,..,11,0,9,0,9,..,3,0,3,0,3,..,14,0,14,0,14,..,0,0,0
SAL80092,0,23,0,23,..,0,0,0,0,0,..,11,0,11,0,11,..,5,0,5,0,5,..,34,0,37,0,37,..,6,0,10,0,10,..,20,0,17,0,17,..,4,0,4,0,3,..,0,0,0,0,0,..,0,0,0,0,0,..,89,3,97,0,95,..,443,39,475,4,481,..,10,0,10,65,75,1126,450,39,492,67,1680,1157,..,..,..,..,1157,..,0,0,0,0,0,..,9,0,8,0,8,..,0,0,0,0,0,..,10,0,11,0,11,..,46,14,56,0,59,..,0,0,0,0,0,..,55,15,68,0,72,..,3,0,6,0,6,..,16,0,16,0,16,..,4,0,4,0,4,..,9,0,8,0,8,..,15,0,16,0,16,..,0,0,0,0,0,..,10,0,10,0,10,..,71,0,73,0,73,..,21,4,29,0,27,..,4,0,4,0,4,..,11,0,11,0,11,..,7,0,7
SAL80093,0,0,0,0,..,5,0,5,0,5,..,0,0,0,0,0,..,0,0,0,0,0,..,7,0,7,0,7,..,17,4,23,0,23,..,7,0,7,0,7,..,7,0,7,0,7,..,0,0,0,0,0,..,18,3,19,0,19,..,41,3,44,0,44,..,295,43,333,0,333,..,4,0,5,48,48,965,300,41,336,48,1351,960,..,..,..,..,960,..,3,0,3,0,3,..,13,0,18,0,18,..,0,0,0,0,0,..,7,3,14,0,14,..,39,0,41,0,41,..,0,0,0,0,0,..,45,11,56,0,56,..,28,0,26,0,26,..,10,0,10,0,10,..,3,0,3,0,3,..,21,0,25,0,25,..,4,0,4,0,4,..,3,0,3,0,3,..,4,0,4,0,4,..,3,0,3,0,3,..,8,0,8,0,8,..,6,0,6,0,6,..,5,0,6,0,6,..,0,0,0
SAL80094,0,3,0,3,..,0,0,3,0,3,..,4,0,4,0,4,..,0,0,0,0,0,..,12,0,9,0,9,..,24,0,25,0,25,..,4,0,4,0,4,..,3,0,3,0,3,..,0,0,0,0,0,..,7,6,18,0,18,..,46,8,53,0,59,..,220,34,254,9,260,..,7,0,7,58,60,1360,231,34,263,60,1688,1372,..,..,..,..,1372,..,0,0,0,0,0,..,6,0,7,0,7,..,0,0,0,0,0,..,9,0,5,0,5,..,31,3,38,0,39,..,0,0,0,0,0,..,39,7,52,0,51,..,3,0,3,0,3,..,3,0,3,0,3,..,10,0,10,0,10,..,13,0,14,0,14,..,0,0,0,0,0,..,0,0,0,0,0,..,0,0,0,0,0,..,8,0,8,0,8,..,9,0,9,0,9,..,6,0,6,0,6,..,4,0,4,0,4,..,0,0,0
SAL80095,0,0,0,0,..,0,0,0,0,0,..,0,0,0,0,0,..,0,0,0,0,0,..,0,0,0,0,0,..,0,0,0,0,0,..,0,0,0,0,0,..,0,0,0,0,0,..,0,0,0,0,0,..,0,0,0,0,0,..,0,0,0,0,0,..,0,0,0,0,0,..,0,0,0,0,0,0,0,0,0,0,5,0,..,..,..,..,0,..,0,0,0,0,0,..,0,0,0,0,0,..,0,0,0,0,0,..,0,0,0,0,0,..,0,3,3,0,3,..,0,0,0,0,0,..,0,3,3,0,3,..,0,0,0,0,0,..,0,0,0,0,0,..,0,0,0,0,0,..,0,0,0,0,0,..,0,0,0,0,0,..,0,0,0,0,0,..,0,0,0,0,0,..,0,0,0,0,0,..,0,0,0,0,0,..,0,0,0,0,0,..,0,0,0,0,0,..,0,0,0
SAL80096,0,0,0,0,..,0,0,0,0,0,..,0,0,0,0,0,..,0,0,0,0,0,..,0,0,0,0,0,..,0,0,0,0,0,..,0,0,0,0,0,..,0,0,0,0,0,..,0,0,0,0,0,..,0,0,0,0,0,..,0,0,0,0,0,..,0,0,0,0,0,..,0,0,0,0,0,0,0,0,0,0,0,0,..,..,..,..,0,..,0,0,0,0,0,..,0,0,0,0,0,..,0,0,0,0,0,..,0,0,0,0,0,..,0,0,0,0,0,..,0,0,0,0,0,..,0,0,0,0,0,..,0,0,0,0,0,..,0,0,0,0,0,..,0,0,0,0,0,..,0,0,0,0,0,..,0,0,0,0,0,..,0,0,0,0,0,..,0,0,0,0,0,..,0,0,0,0,0,..,0,0,0,0,0,..,0,0,0,0,0,..,0,0,0,0,0,..,0,0,0
SAL80097,0,6,0,6,..,5,0,5,0,5,..,6,0,3,0,3,..,0,0,0,0,0,..,14,0,15,0,15,..,25,4,30,0,30,..,24,0,24,0,24,..,5,0,5,0,5,..,0,0,0,0,0,..,32,4,33,0,33,..,75,7,80,0,78,..,453,40,495,6,498,..,13,0,16,62,73,2101,466,41,508,65,2673,2285,..,..,..,..,2285,..,9,0,9,0,9,..,24,3,26,0,26,..,0,0,0,0,0,..,13,7,17,0,17,..,28,3,30,0,30,..,5,0,5,0,5,..,43,7,54,0,54,..,18,0,20,0,20,..,12,0,12,0,12,..,13,0,16,0,16,..,6,0,9,0,9,..,6,0,6,0,6,..,0,0,3,0,3,..,17,0,17,0,16,..,13,0,13,0,13,..,20,0,25,0,25,..,18,0,18,0,18,..,18,8,26,0,26,..,0,0,0
SAL80098,0,18,0,18,..,3,0,3,0,3,..,21,0,21,0,21,..,12,0,12,0,12,..,55,0,60,0,60,..,40,4,40,0,40,..,35,5,39,0,39,..,0,0,0,0,0,..,0,0,0,0,0,..,18,8,24,0,24,..,181,27,202,4,210,..,1169,113,1283,12,1288,..,20,0,20,93,116,1263,1190,116,1304,103,2666,1256,..,..,..,..,1256,..,4,0,4,0,4,..,35,4,40,0,40,..,0,0,0,0,0,..,21,6,28,0,28,..,71,21,93,0,93,..,0,0,0,0,0,..,95,31,120,0,119,..,7,0,7,0,7,..,6,0,6,0,6,..,3,0,3,0,3,..,6,0,6,0,6,..,61,7,68,0,68,..,56,0,53,0,53,..,73,4,76,0,76,..,41,4,43,0,43,..,127,13,139,0,138,..,33,0,33,0,33,..,107,6,115,0,113,..,18,0,18
SAL80099,0,6,0,6,..,11,0,11,0,11,..,5,0,5,0,5,..,0,0,0,0,0,..,24,0,23,0,23,..,29,0,30,0,30,..,8,0,11,0,11,..,0,0,0,0,0,..,0,0,0,0,3,..,16,0,20,0,20,..,92,11,104,0,104,..,680,49,725,8,732,..,23,5,21,194,220,2168,705,51,748,197,3116,2348,..,..,..,..,2348,..,0,0,0,0,0,..,22,0,26,0,26,..,4,0,4,0,4,..,16,3,18,0,18,..,55,6,62,0,66,..,6,0,6,0,6,..,80,6,90,0,86,..,14,4,16,0,16,..,64,0,64,0,64,..,20,0,20,0,20,..,20,0,22,0,22,..,6,0,5,0,5,..,0,0,0,0,0,..,34,0,34,0,34,..,34,0,36,0,38,..,17,4,18,0,18,..,19,0,19,0,19,..,12,0,12,0,12,..,5,0,5
SAL80100,0,12,0,12,..,14,0,14,0,13,..,28,4,33,0,31,..,15,0,15,0,15,..,67,5,72,0,76,..,35,4,38,0,40,..,20,3,21,0,21,..,9,0,6,0,13,..,0,0,0,0,0,..,62,18,76,0,81,..,195,33,227,12,239,..,1295,183,1474,25,1498,..,21,5,27,161,184,3705,1317,182,1499,190,5388,3893,..,..,..,..,3893,..,15,0,15,0,15,..,35,3,42,0,42,..,4,3,7,0,7,..,43,15,59,0,59,..,94,30,125,0,125,..,4,0,4,0,4,..,139,47,189,0,189,..,36,4,35,0,35,..,18,0,18,0,18,..,13,0,13,0,13,..,24,4,27,0,27,..,27,0,27,0,27,..,38,3,43,0,46,..,86,11,97,0,97,..,51,4,57,0,52,..,94,7,102,0,110,..,44,0,41,0,42,..,55,0,66,0,61,..,19,0,19
SAL80101,0,0,0,0,..,3,0,3,0,3,..,5,0,5,0,5,..,5,0,5,0,5,..,14,0,14,0,14,..,19,4,19,0,19,..,7,0,7,0,7,..,5,0,5,0,5,..,5,0,5,0,7,..,46,3,51,0,51,..,62,9,71,4,77,..,729,84,808,4,817,..,3,0,3,48,59,2465,735,84,818,56,3339,2440,..,..,..,..,2440,..,29,0,29,0,29,..,30,0,28,0,28,..,0,0,4,0,4,..,52,11,62,0,62,..,137,28,162,3,166,..,3,0,8,0,8,..,195,38,234,3,238,..,28,3,35,0,35,..,6,0,6,0,6,..,12,0,13,0,13,..,29,8,34,0,34,..,14,0,14,0,14,..,4,0,4,0,4,..,29,0,29,0,29,..,12,0,12,0,12,..,14,0,13,0,13,..,30,0,30,0,30,..,27,4,29,0,29,..,0,0,0
SAL80102,0,0,0,0,..,11,0,11,0,11,..,0,0,0,0,0,..,6,0,6,0,6,..,16,0,16,0,16,..,13,3,18,0,18,..,9,0,9,0,9,..,3,0,3,0,3,..,3,0,3,0,3,..,23,0,21,0,21,..,92,7,100,0,100,..,445,35,482,6,486,..,5,4,12,73,87,2344,455,37,486,85,2919,2393,..,..,..,..,2393,..,8,0,8,0,8,..,18,3,13,0,13,..,0,0,0,0,0,..,15,0,16,0,16,..,51,11,62,3,63,..,3,0,3,0,3,..,67,15,83,3,82,..,15,0,16,0,16,..,20,0,20,0,20,..,35,0,39,0,39,..,20,0,20,0,20,..,4,0,4,0,4,..,0,0,0,0,0,..,7,0,7,0,7,..,13,0,13,0,13,..,18,0,16,0,23,..,3,0,3,0,3,..,5,0,5,0,5,..,0,0,0
SAL80103,0,0,0,0,..,0,0,0,0,0,..,0,0,0,0,0,..,0,0,0,0,0,..,6,0,6,0,6,..,5,6,5,0,5,..,16,0,16,0,16,..,0,0,0,0,0,..,0,0,0,0,0,..,5,0,5,0,5,..,10,0,13,0,13,..,173,10,180,0,175,..,3,0,3,18,18,257,171,10,181,17,451,234,..,..,..,..,234,..,0,0,0,0,0,..,15,0,12,0,12,..,0,0,0,0,0,..,11,0,14,0,14,..,25,3,27,0,27,..,0,0,0,0,0,..,41,4,39,0,39,..,8,0,8,0,8,..,6,0,6,0,6,..,0,0,0,0,0,..,32,0,32,0,32,..,10,0,10,0,10,..,0,0,0,0,0,..,15,0,15,0,15,..,0,0,0,0,0,..,5,0,5,0,5,..,0,0,0,0,0,..,7,0,7,0,7,..,0,0,0
SAL80104,0,0,0,0,..,0,0,0,0,0,..,0,0,0,0,0,..,0,0,0,0,0,..,0,0,0,0,0,..,0,0,0,0,0,..,3,0,3,0,3,..,0,0,0,0,0,..,0,0,0,0,0,..,0,0,0,0,0,..,14,3,14,0,14,..,37,13,51,0,51,..,0,0,0,52,50,129,40,13,49,52,232,77,..,..,..,..,77,..,0,0,0,0,0,..,0,0,0,0,0,..,0,0,0,0,0,..,0,0,0,0,0,..,3,0,3,0,3,..,0,0,0,0,0,..,3,0,3,0,3,..,0,0,0,0,0,..,0,0,0,0,0,..,0,0,0,0,0,..,0,0,0,0,0,..,3,0,3,0,3,..,0,0,0,0,0,..,0,0,0,0,0,..,0,0,0,0,0,..,4,0,4,0,4,..,0,0,0,0,0,..,0,0,0,0,0,..,0,0,0
SAL80105,0,0,0,0,..,0,0,0,0,0,..,3,0,3,0,3,..,0,0,0,0,0,..,10,0,10,0,10,..,4,0,4,0,4,..,5,0,5,0,5,..,0,0,0,0,0,..,0,0,0,0,0,..,9,0,9,0,9,..,17,0,25,0,25,..,112,9,123,0,123,..,3,0,3,27,34,717,115,9,124,27,869,677,..,..,..,..,677,..,0,0,0,0,0,..,14,0,14,0,14,..,7,0,7,0,7,..,5,6,10,0,8,..,3,0,7,0,7,..,0,0,0,0,0,..,11,0,15,0,17,..,5,0,5,0,5,..,0,0,0,0,0,..,0,0,0,0,0,..,3,0,3,0,3,..,0,0,0,0,0,..,0,0,0,0,0,..,0,0,0,0,0,..,8,0,9,0,9,..,0,0,0,0,0,..,3,0,3,0,3,..,0,0,0,0,0,..,0,0,0
SAL80106,0,6,0,6,..,0,0,0,0,0,..,11,0,11,0,5,..,3,0,3,0,3,..,14,0,14,0,15,..,8,3,10,0,10,..,0,0,0,0,0,..,7,0,7,0,7,..,0,0,0,0,0,..,18,0,25,0,26,..,55,13,70,3,75,..,302,46,351,3,356,..,6,0,9,92,92,998,308,49,355,94,1444,1138,..,..,..,..,1138,..,0,0,0,0,0,..,12,0,14,0,14,..,0,0,0,0,0,..,8,4,19,0,19,..,29,10,36,0,36,..,5,0,5,0,5,..,44,9,59,0,59,..,0,3,4,0,7,..,12,0,12,0,12,..,11,0,11,0,11,..,4,6,12,0,12,..,0,4,7,0,7,..,0,0,0,0,0,..,10,0,10,0,10,..,15,0,19,0,19,..,7,0,11,0,11,..,3,0,10,0,10,..,3,0,3,0,3,..,0,0,0
SAL80107,0,11,0,11,..,8,0,8,0,8,..,11,0,11,0,11,..,3,5,6,0,6,..,31,4,33,0,33,..,28,0,28,0,28,..,14,0,18,0,17,..,4,3,7,0,7,..,0,0,0,0,0,..,71,13,87,0,87,..,88,21,109,0,109,..,727,109,836,5,844,..,12,0,13,87,96,1820,736,112,845,88,2765,1834,..,..,..,..,1834,..,4,0,4,0,4,..,22,12,37,4,36,..,4,0,4,0,4,..,30,15,49,0,49,..,109,27,136,0,139,..,4,0,4,0,4,..,147,47,191,0,189,..,22,4,25,0,25,..,3,0,3,0,3,..,10,0,10,0,10,..,14,3,24,0,24,..,25,0,25,0,25,..,8,0,8,0,8,..,27,8,29,0,29,..,4,0,4,0,4,..,20,0,20,0,20,..,5,0,7,0,7,..,21,0,25,0,25,..,9,0,9
SAL80108,0,0,0,0,..,0,0,0,0,0,..,0,0,0,0,0,..,0,0,0,0,0,..,0,0,0,0,0,..,0,0,0,0,0,..,0,0,0,0,0,..,0,0,0,0,0,..,0,0,0,0,0,..,0,0,0,0,0,..,0,0,0,0,0,..,0,0,0,0,0,..,0,0,0,0,0,0,0,0,0,0,0,0,..,..,..,..,0,..,0,0,0,0,0,..,0,0,0,0,0,..,0,0,0,0,0,..,0,0,0,0,0,..,0,0,0,0,0,..,0,0,0,0,0,..,0,0,0,0,0,..,0,0,0,0,0,..,0,0,0,0,0,..,0,0,0,0,0,..,0,0,0,0,0,..,0,0,0,0,0,..,0,0,0,0,0,..,0,0,0,0,0,..,0,0,0,0,0,..,0,0,0,0,0,..,0,0,0,0,0,..,0,0,0,0,0,..,0,0,0
SAL80109,0,0,0,0,..,0,0,0,0,0,..,4,0,4,0,4,..,0,0,0,0,0,..,5,0,5,0,5,..,8,0,8,0,8,..,7,0,7,0,7,..,0,0,0,0,0,..,0,0,0,0,0,..,0,0,0,0,0,..,26,5,30,0,30,..,215,12,228,4,227,..,7,0,6,35,48,1063,219,13,239,38,1340,1046,..,..,..,..,1046,..,0,0,0,0,0,..,7,0,11,0,11,..,7,0,7,0,7,..,5,0,5,0,5,..,15,3,17,0,23,..,0,0,0,0,0,..,20,3,23,0,21,..,3,0,4,0,4,..,4,0,4,0,4,..,0,0,3,0,6,..,10,0,16,0,16,..,4,0,4,0,4,..,6,0,4,0,4,..,18,0,15,0,15,..,12,0,12,0,12,..,4,0,4,0,4,..,8,0,8,0,8,..,0,0,6,0,6,..,0,0,0
SAL80110,0,42,0,42,..,0,0,0,0,0,..,58,0,55,0,58,..,9,0,9,0,9,..,109,0,107,0,105,..,14,0,13,0,13,..,19,3,21,0,22,..,4,0,4,0,4,..,5,0,8,0,8,..,6,0,6,0,7,..,100,10,108,3,116,..,853,80,932,14,954,..,23,0,23,123,142,1419,877,80,955,137,2515,1459,..,..,..,..,1459,..,0,0,0,0,0,..,26,5,31,0,31,..,4,0,4,0,4,..,34,3,37,0,37,..,91,17,112,0,112,..,9,0,9,0,9,..,133,25,160,0,160,..,4,0,4,0,4,..,17,0,17,0,17,..,0,0,0,0,0,..,10,0,11,0,11,..,23,0,20,0,24,..,7,0,7,0,7,..,32,0,32,0,31,..,141,3,148,0,148,..,38,6,44,0,44,..,11,0,11,0,11,..,13,0,10,0,10,..,4,0,4
SAL80111,0,0,0,0,..,0,0,0,0,0,..,0,0,0,0,0,..,0,0,0,0,0,..,0,0,0,0,0,..,0,0,0,0,0,..,0,0,0,0,0,..,0,0,0,0,0,..,0,0,0,0,0,..,0,0,0,0,0,..,0,0,0,0,3,..,4,0,4,0,6,..,0,0,0,6,6,60,4,0,4,11,69,60,..,..,..,..,60,..,0,0,0,0,0,..,0,0,0,0,0,..,0,0,0,0,0,..,0,0,0,0,0,..,0,0,0,0,0,..,0,0,0,0,0,..,0,0,0,0,0,..,0,0,0,0,0,..,0,0,0,0,0,..,0,0,0,0,0,..,0,0,0,0,0,..,0,0,0,0,0,..,0,0,0,0,0,..,0,0,0,0,0,..,0,0,0,0,0,..,0,0,0,0,0,..,0,0,0,0,0,..,0,0,0,0,0,..,0,0,0
SAL80112,0,6,0,6,..,8,0,8,0,8,..,7,0,7,0,7,..,0,0,0,0,0,..,17,0,17,0,17,..,8,0,8,0,8,..,6,0,6,0,6,..,0,0,0,0,0,..,0,0,0,0,0,..,11,0,11,0,11,..,45,4,47,0,47,..,327,17,344,3,347,..,5,0,5,44,48,1178,329,17,351,46,1572,1137,..,..,..,..,1137,..,0,0,0,0,0,..,9,0,9,0,9,..,0,0,0,0,0,..,15,4,22,0,22,..,40,8,51,0,51,..,7,0,7,0,7,..,63,12,76,0,76,..,7,0,7,0,7,..,41,0,42,0,40,..,9,0,9,0,9,..,22,0,25,0,25,..,4,0,9,0,9,..,0,0,0,0,0,..,19,0,19,0,19,..,7,0,7,0,7,..,3,0,3,0,3,..,17,0,17,0,13,..,4,0,4,0,4,..,0,0,0
SAL80113,0,0,0,0,..,0,0,0,0,0,..,0,0,0,0,0,..,0,0,0,0,0,..,4,0,4,0,4,..,5,0,5,0,5,..,10,0,10,0,10,..,0,0,0,0,0,..,0,0,0,0,0,..,0,0,5,0,5,..,12,0,18,3,17,..,136,10,152,6,152,..,0,6,5,51,61,601,146,15,160,56,812,549,..,..,..,..,549,..,0,0,0,0,0,..,5,0,8,0,8,..,0,0,0,0,0,..,9,0,8,0,11,..,8,0,12,0,12,..,0,0,0,0,0,..,20,4,22,0,21,..,0,0,0,0,0,..,4,0,4,0,9,..,0,0,0,0,0,..,6,3,9,0,9,..,3,0,3,0,3,..,0,0,0,0,0,..,5,0,5,0,5,..,3,0,3,0,3,..,0,0,0,0,0,..,3,0,3,0,3,..,4,0,4,0,4,..,3,0,3
SAL80114,0,9,0,9,..,0,0,0,0,0,..,8,0,8,0,8,..,0,0,0,0,0,..,23,0,22,0,22,..,18,3,17,0,18,..,4,0,4,0,4,..,3,0,3,0,3,..,0,0,0,0,0,..,7,0,12,0,12,..,21,4,22,0,22,..,220,29,249,7,258,..,0,0,0,50,49,1236,226,29,257,55,1545,1200,..,..,..,..,1200,..,3,0,3,0,3,..,24,3,22,0,22,..,5,0,5,0,5,..,10,4,15,0,15,..,10,0,11,0,11,..,0,0,0,0,0,..,20,5,27,0,27,..,4,0,4,0,4,..,4,0,4,0,4,..,9,0,9,0,9,..,6,0,6,0,6,..,3,0,3,0,3,..,0,0,0,0,0,..,11,0,11,0,11,..,7,0,10,0,10,..,11,0,10,0,10,..,0,0,0,0,0,..,0,0,0,0,0,..,0,0,0
SAL80115,0,4,0,4,..,0,0,0,0,0,..,9,0,9,0,9,..,5,0,5,0,5,..,17,0,20,0,20,..,10,0,14,0,14,..,4,0,4,0,4,..,0,0,4,0,4,..,0,0,0,0,0,..,4,5,7,0,7,..,22,4,29,0,27,..,200,22,216,3,219,..,0,0,0,72,72,1330,200,22,216,70,1619,1418,..,..,..,..,1418,..,4,0,4,0,4,..,11,0,11,0,11,..,3,0,3,0,3,..,5,0,5,0,5,..,12,3,19,0,17,..,0,0,0,0,0,..,19,3,27,0,25,..,12,0,17,0,17,..,11,0,11,0,11,..,12,0,12,0,12,..,0,0,0,0,0,..,3,0,0,0,0,..,0,0,0,0,0,..,11,5,7,0,7,..,4,0,4,0,4,..,3,0,9,0,9,..,9,0,3,0,3,..,0,0,0,0,0,..,3,0,3
SAL80116,0,0,0,0,..,0,0,0,0,0,..,0,0,0,0,0,..,0,0,0,0,0,..,0,0,0,0,0,..,0,0,0,0,0,..,0,0,0,0,0,..,0,0,0,0,0,..,0,0,0,0,0,..,0,0,0,0,0,..,0,0,0,0,0,..,0,0,0,0,0,..,0,0,0,0,0,0,0,0,0,0,0,0,..,..,..,..,0,..,0,0,0,0,0,..,0,0,0,0,0,..,0,0,0,0,0,..,0,0,0,0,0,..,0,0,0,0,0,..,0,0,0,0,0,..,0,0,0,0,0,..,0,0,0,0,0,..,0,0,0,0,0,..,0,0,0,0,0,..,0,0,0,0,0,..,0,0,0,0,0,..,0,0,0,0,0,..,0,0,0,0,0,..,0,0,0,0,0,..,0,0,0,0,0,..,0,0,0,0,0,..,0,0,0,0,0,..,0,0,0
SAL80117,0,4,0,4,..,0,0,0,0,0,..,0,0,0,0,0,..,0,0,0,0,0,..,9,0,12,0,12,..,17,4,21,0,22,..,0,0,0,0,0,..,4,0,4,0,4,..,0,0,0,0,0,..,14,6,21,0,21,..,61,9,64,5,70,..,304,44,347,4,354,..,3,0,7,61,70,1123,310,47,357,67,1547,1105,..,..,..,..,1105,..,0,0,4,0,4,..,12,4,12,0,12,..,0,0,0,0,0,..,3,0,3,0,3,..,28,6,30,0,30,..,6,0,6,0,6,..,34,6,43,0,43,..,4,0,4,0,4,..,17,0,12,0,15,..,8,0,8,0,8,..,3,0,3,0,3,..,15,3,15,0,15,..,9,0,7,0,9,..,13,4,17,0,17,..,15,0,15,0,15,..,6,0,8,0,8,..,9,0,9,0,9,..,10,0,12,0,12,..,5,0,5
SAL80118,0,0,0,0,..,0,0,0,0,0,..,0,0,0,0,0,..,0,0,0,0,0,..,3,0,3,0,3,..,12,4,18,0,18,..,0,0,0,0,0,..,0,0,0,0,0,..,0,0,0,0,0,..,10,5,8,0,8,..,27,0,26,0,26,..,110,16,124,0,124,..,4,0,3,40,47,1107,111,15,126,40,1282,1098,..,..,..,..,1098,..,0,0,0,0,0,..,7,0,11,0,11,..,4,0,4,0,4,..,0,0,0,0,0,..,20,0,19,0,19,..,0,0,0,0,0,..,19,0,21,0,21,..,0,0,0,0,0,..,7,0,7,0,7,..,10,0,10,0,10,..,9,0,9,0,9,..,0,0,0,0,0,..,0,0,0,0,0,..,3,0,3,0,3,..,0,0,0,0,0,..,0,0,0,0,0,..,0,0,0,0,0,..,5,0,5,0,5,..,0,0,0
SAL80119,0,4,0,4,..,4,0,4,0,4,..,0,0,0,0,0,..,0,0,0,0,0,..,6,0,6,0,6,..,4,0,4,0,4,..,0,0,0,0,0,..,3,4,3,0,3,..,0,0,0,0,0,..,3,0,5,0,5,..,18,4,19,0,22,..,162,23,177,4,179,..,4,0,4,39,40,831,163,23,181,39,1054,894,..,..,..,..,894,..,0,0,0,0,0,..,0,0,0,0,0,..,5,0,5,0,5,..,14,0,19,0,19,..,5,7,11,0,11,..,9,0,9,0,9,..,30,5,32,0,32,..,14,3,18,0,18,..,12,0,12,0,12,..,11,0,11,0,11,..,3,0,3,0,3,..,0,0,0,0,0,..,0,0,0,0,0,..,3,0,8,0,8,..,3,0,3,0,3,..,9,0,9,0,9,..,3,0,3,0,3,..,9,0,9,0,9,..,0,0,0
SAL80120,0,5,0,5,..,0,0,0,0,0,..,12,0,12,0,12,..,3,0,3,0,3,..,19,0,19,0,19,..,0,0,0,0,0,..,9,0,9,0,9,..,0,0,0,0,0,..,0,0,0,0,0,..,0,0,0,0,0,..,18,3,21,0,21,..,173,12,176,0,179,..,6,0,6,10,9,143,173,12,179,13,337,157,..,..,..,..,157,..,0,0,0,0,0,..,8,0,8,0,8,..,3,0,3,0,3,..,4,0,4,0,4,..,8,0,8,0,8,..,0,0,0,0,0,..,13,0,13,0,13,..,0,0,0,0,0,..,0,0,0,0,0,..,0,0,0,0,0,..,0,0,0,0,0,..,10,0,7,0,7,..,3,0,4,0,4,..,10,0,10,0,10,..,13,0,13,0,13,..,31,3,36,0,36,..,14,5,13,0,13,..,13,0,13,0,13,..,5,0,5
SAL80121,0,4,0,4,..,0,0,0,0,0,..,0,0,0,0,0,..,0,0,0,0,0,..,4,0,4,0,4,..,0,0,0,0,0,..,0,0,0,0,0,..,4,0,4,0,4,..,0,0,0,0,0,..,0,0,0,0,0,..,9,0,15,0,15,..,28,3,27,0,27,..,0,0,0,126,128,222,25,3,33,126,380,152,..,..,..,..,152,..,0,0,0,0,0,..,0,0,0,0,0,..,0,0,0,0,0,..,0,0,0,0,0,..,0,0,4,0,4,..,0,0,0,0,0,..,5,0,0,0,0,..,0,0,0,0,0,..,0,0,0,0,0,..,0,0,0,0,0,..,0,0,0,0,0,..,0,0,0,0,0,..,0,0,0,0,0,..,0,0,0,0,0,..,0,0,0,0,0,..,0,0,0,0,0,..,0,0,0,0,0,..,0,0,0,0,0,..,0,0,0
SAL80122,0,3,0,3,..,5,0,5,0,5,..,6,0,6,0,6,..,0,0,0,0,0,..,21,0,21,0,21,..,0,0,0,0,0,..,8,0,8,0,8,..,6,0,6,0,6,..,0,0,0,0,0,..,7,6,14,0,14,..,90,11,102,3,106,..,647,54,698,8,702,..,14,0,17,40,54,344,657,51,713,43,1106,360,..,..,..,..,360,..,0,0,0,0,0,..,9,7,16,0,16,..,0,0,0,0,0,..,5,0,5,0,5,..,34,10,38,0,38,..,0,0,0,0,0,..,37,11,47,0,47,..,11,0,11,0,11,..,7,0,7,0,7,..,0,0,0,0,0,..,4,0,4,0,4,..,21,7,26,0,32,..,51,3,54,0,58,..,52,6,63,0,63,..,27,3,32,0,32,..,119,16,136,4,145,..,16,0,14,0,14,..,54,4,60,0,60,..,9,0,9
SAL80123,0,0,0,0,..,0,0,0,0,0,..,0,0,0,0,0,..,0,0,0,0,0,..,0,0,0,0,0,..,0,0,0,0,0,..,0,0,0,0,0,..,0,0,0,0,0,..,0,0,0,0,0,..,0,0,0,0,0,..,0,0,0,0,0,..,3,0,3,0,3,..,0,0,0,0,0,36,3,0,3,0,41,38,..,..,..,..,38,..,0,0,0,0,0,..,0,0,0,0,0,..,0,0,0,0,0,..,0,0,0,0,0,..,0,0,0,0,0,..,0,0,0,0,0,..,0,0,0,0,0,..,0,0,0,0,0,..,0,0,0,0,0,..,0,0,0,0,0,..,0,0,0,0,0,..,0,0,0,0,0,..,0,0,0,0,0,..,0,0,0,0,0,..,0,0,0,0,0,..,0,0,0,0,0,..,0,0,0,0,0,..,0,0,0,0,0,..,0,0,0
SAL80124,0,3,0,3,..,0,0,0,0,0,..,9,0,9,0,9,..,6,0,6,0,6,..,13,0,13,0,13,..,11,0,16,0,16,..,6,0,6,0,6,..,0,0,0,0,0,..,0,0,0,0,0,..,11,4,14,0,14,..,46,5,49,0,49,..,216,19,233,6,237,..,6,0,6,41,48,1603,217,19,234,46,1882,1620,..,..,..,..,1620,..,3,0,3,0,3,..,14,0,14,0,14,..,0,0,0,0,0,..,6,0,8,0,8,..,4,0,12,0,12,..,0,0,0,0,0,..,14,0,15,0,15,..,8,0,8,0,8,..,9,0,9,0,9,..,10,0,10,0,10,..,0,0,0,0,0,..,0,0,0,0,0,..,0,0,0,0,0,..,16,0,16,0,16,..,0,0,0,0,0,..,4,0,8,0,8,..,0,0,0,0,0,..,9,0,7,0,7,..,0,0,0
SAL80125,0,7,0,7,..,3,0,3,0,3,..,6,4,7,0,7,..,0,0,0,0,0,..,17,4,15,0,15,..,13,0,13,0,13,..,39,0,40,0,46,..,4,0,8,0,8,..,4,0,4,0,4,..,17,10,21,0,21,..,98,9,109,6,115,..,637,71,713,12,726,..,5,3,10,27,39,473,644,76,725,42,1235,435,..,..,..,..,435,..,0,0,0,0,0,..,3,6,11,0,11,..,0,0,0,0,0,..,15,4,20,0,20,..,113,22,136,3,137,..,0,0,0,0,0,..,125,24,148,3,152,..,7,0,8,0,8,..,0,0,0,0,0,..,0,0,0,0,0,..,3,0,5,0,5,..,42,0,45,0,45,..,8,6,16,0,16,..,40,4,45,0,45,..,29,8,38,0,40,..,54,9,62,0,62,..,22,0,22,0,22,..,25,0,32,0,32,..,7,0,7
SAL80126,0,7,0,7,..,0,0,0,0,0,..,4,0,4,0,4,..,4,0,0,0,0,..,10,0,13,0,13,..,5,0,5,0,5,..,11,0,15,0,15,..,0,0,0,0,0,..,0,0,0,0,0,..,0,0,0,0,0,..,21,0,24,0,24,..,198,15,206,3,213,..,6,0,6,44,48,953,198,15,218,45,1215,914,..,..,..,..,914,..,5,0,5,4,4,..,8,4,7,0,7,..,0,0,0,0,0,..,3,3,10,0,10,..,31,6,36,0,36,..,0,0,0,0,0,..,37,7,42,0,42,..,0,0,0,0,0,..,3,0,3,0,3,..,4,0,4,0,4,..,11,0,13,0,13,..,4,0,8,0,8,..,0,0,0,0,0,..,7,0,7,0,7,..,3,0,3,0,3,..,12,0,9,0,9,..,4,0,5,0,5,..,7,0,9,0,9,..,0,0,0
SAL80127,0,4,0,4,..,9,0,9,0,9,..,9,0,9,0,9,..,0,0,0,0,0,..,20,0,20,0,20,..,22,6,23,0,23,..,11,0,11,0,11,..,0,0,0,0,0,..,0,0,0,0,0,..,16,0,19,0,19,..,60,7,69,0,70,..,469,34,502,7,504,..,8,0,12,67,76,1540,480,34,519,71,2122,1662,..,..,..,..,1662,..,0,0,0,0,0,..,12,0,18,0,18,..,4,0,4,0,4,..,43,0,44,0,44,..,133,15,149,0,149,..,0,0,3,0,3,..,177,17,195,0,195,..,9,0,9,0,9,..,16,0,16,0,16,..,10,3,9,0,9,..,3,0,5,0,5,..,10,0,10,0,10,..,0,0,0,0,0,..,27,0,26,0,26,..,8,0,8,0,8,..,4,0,7,0,7,..,12,0,12,0,12,..,3,0,3,0,3,..,10,0,10
SAL80128,0,0,0,0,..,0,0,0,0,0,..,0,0,0,0,0,..,0,0,0,0,0,..,0,0,0,0,0,..,0,0,0,0,0,..,0,0,0,0,0,..,0,0,0,0,0,..,0,0,0,0,0,..,0,0,0,0,0,..,0,0,0,0,0,..,0,0,0,0,0,..,0,0,0,6,6,153,0,0,0,6,160,134,..,..,..,..,134,..,0,0,0,0,0,..,0,0,0,0,0,..,0,0,0,0,0,..,0,0,0,0,0,..,0,0,0,0,0,..,0,0,0,0,0,..,0,0,0,0,0,..,0,0,0,0,0,..,0,0,0,0,0,..,0,0,0,0,0,..,0,0,0,0,0,..,0,0,0,0,0,..,0,0,0,0,0,..,0,0,0,0,0,..,0,0,0,0,0,..,0,0,0,0,0,..,0,0,0,0,0,..,0,0,0,0,0,..,0,0,0
SAL80129,0,9,0,9,..,6,0,6,0,6,..,3,0,3,0,3,..,0,0,4,0,4,..,23,0,23,0,23,..,35,8,42,0,42,..,18,0,18,0,18,..,7,0,11,0,11,..,0,0,0,0,0,..,12,3,18,0,18,..,84,13,91,0,91,..,559,61,619,6,622,..,6,0,11,116,125,3226,562,61,632,118,3968,3105,..,..,..,..,3105,..,0,0,0,0,0,..,21,7,24,0,24,..,6,0,6,0,6,..,12,5,12,0,12,..,36,7,46,0,46,..,0,0,0,0,0,..,49,11,62,0,62,..,11,0,10,0,10,..,16,0,16,0,16,..,15,0,15,0,15,..,17,0,24,0,24,..,8,0,8,0,8,..,3,0,3,0,3,..,14,0,19,0,19,..,37,0,37,0,37,..,18,3,21,0,24,..,12,0,12,0,12,..,16,0,15,0,15,..,4,0,12
SAL80130,0,6,0,6,..,3,0,3,0,3,..,3,0,3,0,3,..,0,0,0,0,0,..,17,0,17,0,17,..,8,4,10,0,10,..,4,0,4,0,4,..,0,0,0,0,0,..,0,0,0,0,0,..,0,0,0,0,0,..,29,4,35,0,37,..,171,21,191,3,195,..,4,0,4,56,65,1096,174,21,196,58,1355,1142,..,..,..,..,1142,..,3,0,3,0,3,..,3,0,9,0,9,..,0,0,0,0,0,..,6,0,8,0,8,..,6,3,8,0,12,..,3,0,3,0,3,..,10,5,15,0,18,..,7,5,10,0,10,..,11,0,13,0,13,..,3,0,3,0,3,..,5,0,10,0,10,..,5,0,5,0,5,..,5,0,5,0,5,..,7,0,7,0,7,..,10,0,10,0,10,..,4,0,4,0,4,..,5,0,4,0,4,..,0,0,0,0,0,..,0,0,0
SAL80131,0,4,0,4,..,12,4,11,0,11,..,6,0,8,0,8,..,7,0,7,0,7,..,28,3,33,0,33,..,33,4,37,0,37,..,18,0,18,0,18,..,0,0,0,0,0,..,0,0,0,0,0,..,34,0,36,3,33,..,133,13,149,3,155,..,574,59,628,13,640,..,10,0,10,113,126,2498,586,59,643,124,3259,2663,..,..,..,..,2663,..,6,0,6,0,6,..,0,0,0,0,0,..,0,0,0,0,0,..,16,3,18,0,18,..,70,10,78,3,80,..,3,0,0,0,0,..,88,14,102,3,98,..,13,0,13,0,10,..,24,0,24,0,24,..,29,0,29,0,29,..,17,3,23,0,23,..,4,0,8,0,8,..,3,0,3,0,3,..,8,0,15,0,15,..,30,0,33,0,33,..,4,0,5,0,5,..,3,0,3,0,3,..,12,0,12,0,12,..,3,0,3
SAL80132,0,0,0,0,..,0,0,0,0,0,..,0,0,0,0,0,..,0,0,0,0,0,..,3,0,3,0,3,..,5,0,9,0,9,..,4,0,4,0,4,..,3,0,3,0,3,..,3,0,3,0,3,..,21,0,23,0,23,..,25,0,28,0,29,..,245,11,260,0,260,..,4,0,0,32,35,1096,250,14,258,32,1395,1137,..,..,..,..,1137,..,0,0,0,0,0,..,0,0,0,0,0,..,0,0,0,0,0,..,12,3,13,0,13,..,26,0,28,0,28,..,3,0,3,0,3,..,39,9,48,0,48,..,10,0,10,0,10,..,10,0,12,0,12,..,6,0,6,0,6,..,14,0,14,0,14,..,0,0,0,0,0,..,4,0,3,0,3,..,10,0,10,0,10,..,14,0,20,0,20,..,5,0,5,0,5,..,4,0,4,0,4,..,6,0,6,0,6,..,5,0,5
SAL80133,0,8,0,8,..,12,0,12,0,10,..,0,0,0,0,0,..,17,0,17,0,17,..,31,0,31,0,30,..,14,0,14,0,14,..,4,0,6,0,6,..,0,0,0,0,0,..,0,0,0,0,0,..,9,0,9,0,9,..,52,4,52,4,53,..,320,26,346,9,351,..,3,0,3,60,66,1519,317,26,348,69,1933,1586,..,..,..,..,1586,..,0,0,0,0,0,..,6,0,8,0,8,..,0,0,0,0,0,..,7,0,9,0,9,..,35,6,41,0,41,..,0,6,3,0,3,..,48,10,53,0,53,..,6,0,6,0,6,..,21,0,21,0,22,..,20,0,19,0,19,..,13,3,16,0,16,..,7,0,7,0,7,..,0,0,0,0,0,..,4,0,4,0,4,..,10,0,10,0,10,..,7,0,7,0,7,..,7,0,9,0,9,..,10,0,10,0,10,..,8,0,8
SAL80134,0,0,0,0,..,0,0,0,0,0,..,0,0,0,0,0,..,0,0,0,0,0,..,0,0,0,0,0,..,0,0,0,0,0,..,0,0,0,0,0,..,0,0,0,0,0,..,0,0,0,0,0,..,0,0,0,0,0,..,0,0,0,0,0,..,3,0,3,0,3,..,0,0,0,0,0,0,3,0,3,0,3,0,..,..,..,..,0,..,0,0,0,0,0,..,0,0,0,0,0,..,0,0,0,0,0,..,0,0,0,0,0,..,0,0,0,0,0,..,0,0,0,0,0,..,0,0,0,0,0,..,0,0,0,0,0,..,0,0,0,0,0,..,0,0,0,0,0,..,0,0,0,0,0,..,0,0,0,0,0,..,0,0,0,0,0,..,0,0,0,0,0,..,0,0,0,0,0,..,5,0,5,0,5,..,0,0,0,0,0,..,0,0,0,0,0,..,0,0,0
SAL80135,0,17,0,17,..,5,0,5,0,5,..,14,0,14,0,14,..,10,0,10,0,10,..,38,0,42,0,42,..,13,0,13,0,13,..,25,0,25,0,25,..,0,0,4,0,4,..,0,6,3,0,3,..,12,0,12,0,12,..,90,4,94,0,94,..,648,38,684,3,689,..,7,0,7,63,66,1065,657,38,692,62,1820,1183,..,..,..,..,1183,..,0,0,0,0,0,..,36,0,34,0,34,..,0,0,0,0,0,..,38,0,37,0,37,..,60,11,71,0,71,..,0,0,0,0,0,..,97,10,111,0,111,..,7,0,7,0,7,..,15,0,15,0,13,..,6,0,6,0,6,..,5,0,5,0,3,..,17,3,19,0,23,..,4,0,4,0,4,..,45,0,45,0,48,..,48,6,51,5,55,..,35,5,39,0,39,..,19,3,19,0,19,..,22,0,22,5,25,..,8,0,8
SAL80136,0,0,0,0,..,3,0,3,0,3,..,6,0,6,0,6,..,0,0,0,0,0,..,8,0,8,0,8,..,13,0,13,0,13,..,11,0,11,0,11,..,5,0,5,0,5,..,0,0,0,0,0,..,8,0,8,0,11,..,15,0,17,0,17,..,217,17,229,5,231,..,3,0,3,49,54,1202,219,17,239,55,1498,1268,..,..,..,..,1268,..,8,0,8,0,8,..,3,0,3,0,3,..,6,0,6,0,6,..,7,0,6,0,6,..,31,8,40,0,40,..,0,0,0,0,0,..,41,5,46,0,46,..,9,0,9,0,10,..,7,0,7,0,9,..,10,0,10,0,9,..,8,0,8,0,11,..,5,0,9,0,9,..,3,0,3,0,3,..,22,0,22,0,22,..,0,0,0,0,0,..,0,0,0,0,0,..,5,0,5,0,5,..,0,0,0,0,0,..,4,0,4
SAL89494,0,0,0,0,..,0,0,0,0,0,..,0,0,0,0,0,..,0,0,0,0,0,..,4,0,4,0,4,..,0,0,0,0,0,..,0,0,0,0,0,..,0,0,0,0,0,..,0,0,0,0,0,..,0,0,0,0,0,..,9,0,6,0,6,..,34,6,38,0,35,..,5,0,5,92,97,201,40,6,40,94,336,196,..,..,..,..,196,..,0,0,0,0,0,..,0,0,0,0,0,..,0,0,0,0,0,..,6,0,6,0,6,..,5,0,5,0,5,..,0,0,0,0,0,..,12,0,7,0,7,..,0,0,0,0,0,..,0,0,0,0,0,..,0,0,0,0,0,..,0,0,0,0,0,..,5,0,5,0,5,..,0,0,4,0,4,..,0,0,0,0,0,..,0,0,0,0,0,..,0,0,0,0,0,..,0,0,0,0,0,..,0,0,0,0,0,..,0,0,0
SAL89797,0,0,0,0,..,0,0,0,0,0,..,0,0,0,0,0,..,0,0,0,0,0,..,0,0,0,0,0,..,0,0,0,0,0,..,0,0,0,0,0,..,0,0,0,0,0,..,0,0,0,0,0,..,0,0,0,0,0,..,0,0,0,0,0,..,0,0,0,0,0,..,0,0,0,0,0,0,0,0,0,0,0,0,..,..,..,..,0,..,0,0,0,0,0,..,0,0,0,0,0,..,0,0,0,0,0,..,0,0,0,0,0,..,0,0,0,0,0,..,0,0,0,0,0,..,0,0,0,0,0,..,0,0,0,0,0,..,0,0,0,0,0,..,0,0,0,0,0,..,0,0,0,0,0,..,0,0,0,0,0,..,0,0,0,0,0,..,0,0,0,0,0,..,0,0,0,0,0,..,0,0,0,0,0,..,0,0,0,0,0,..,0,0,0,0,0,..,0,0,0
